CountryISO,CountryName,Admin1ISO,Admin1Name,Admin2Name,CityName
US,UNITED STATES OF AMERICA,US-AK,ALASKA,KETCHIKAN GATEWAY BOROUGH,KETCHIKAN
US,UNITED STATES OF AMERICA,US-AL,ALABAMA,CALHOUN COUNTY,ANNISTON
US,UNITED STATES OF AMERICA,US-AL,ALABAMA,DALLAS COUNTY,SELMA
US,UNITED STATES OF AMERICA,US-AL,ALABAMA,ETOWAH COUNTY,GADSDEN
US,UNITED STATES OF AMERICA,US-AL,ALABAMA,HOUSTON COUNTY,DOTHAN
US,UNITED STATES OF AMERICA,US-AL,ALABAMA,JEFFERSON COUNTY,BESSEMER
US,UNITED STATES OF AMERICA,US-AL,ALABAMA,JEFFERSON COUNTY,BIRMINGHAM
US,UNITED STATES OF AMERICA,US-AL,ALABAMA,LAUDERDALE COUNTY,FLORENCE
US,UNITED STATES OF AMERICA,US-AL,ALABAMA,MADISON COUNTY,BERKLEY
US,UNITED STATES OF AMERICA,US-AL,ALABAMA,MOBILE COUNTY,MOBILE
US,UNITED STATES OF AMERICA,US-AL,ALABAMA,MONTGOMERY COUNTY,MONTGOMERY
US,UNITED STATES OF AMERICA,US-AL,ALABAMA,TUSCALOOSA COUNTY,NORTHPORT
US,UNITED STATES OF AMERICA,US-AL,ALABAMA,TUSCALOOSA COUNTY,TUSCALOOSA
US,UNITED STATES OF AMERICA,US-AR,ARKANSAS,GARLAND COUNTY,HOT SPRINGS
US,UNITED STATES OF AMERICA,US-AR,ARKANSAS,JEFFERSON COUNTY,PINE BLUFF
US,UNITED STATES OF AMERICA,US-AR,ARKANSAS,MADISON COUNTY,ROCK
US,UNITED STATES OF AMERICA,US-AR,ARKANSAS,MARION COUNTY,OAKLAND
US,UNITED STATES OF AMERICA,US-AR,ARKANSAS,PHILLIPS COUNTY,HELENA
US,UNITED STATES OF AMERICA,US-AR,ARKANSAS,PULASKI COUNTY,LITTLE ROCK
US,UNITED STATES OF AMERICA,US-AR,ARKANSAS,PULASKI COUNTY,NORTH LITTLE ROCK
US,UNITED STATES OF AMERICA,US-AR,ARKANSAS,SEBASTIAN COUNTY,FORT SMITH
US,UNITED STATES OF AMERICA,US-AZ,ARIZONA,COCONINO COUNTY,FLAGSTAFF
US,UNITED STATES OF AMERICA,US-AZ,ARIZONA,MARICOPA COUNTY,PHOENIX
US,UNITED STATES OF AMERICA,US-AZ,ARIZONA,PIMA COUNTY,TUCSON
US,UNITED STATES OF AMERICA,US-AZ,ARIZONA,SANTA CRUZ COUNTY,NOGALES
US,UNITED STATES OF AMERICA,US-AZ,ARIZONA,YAVAPAI COUNTY,PRESCOTT
US,UNITED STATES OF AMERICA,US-CA,CALIFORNIA,ALAMEDA COUNTY,ALAMEDA
US,UNITED STATES OF AMERICA,US-CA,CALIFORNIA,ALAMEDA COUNTY,BERKELEY
US,UNITED STATES OF AMERICA,US-CA,CALIFORNIA,ALAMEDA COUNTY,OAKLAND
US,UNITED STATES OF AMERICA,US-CA,CALIFORNIA,CONTRA COSTA COUNTY,RICHMOND
US,UNITED STATES OF AMERICA,US-CA,CALIFORNIA,FRESNO COUNTY,FRESNO
US,UNITED STATES OF AMERICA,US-CA,CALIFORNIA,HUMBOLDT COUNTY,EUREKA
US,UNITED STATES OF AMERICA,US-CA,CALIFORNIA,KERN COUNTY,BAKERSFIELD
US,UNITED STATES OF AMERICA,US-CA,CALIFORNIA,LOS ANGELES COUNTY,GLENDALE
US,UNITED STATES OF AMERICA,US-CA,CALIFORNIA,LOS ANGELES COUNTY,LONG BEACH
US,UNITED STATES OF AMERICA,US-CA,CALIFORNIA,LOS ANGELES COUNTY,LOS ANGELES
US,UNITED STATES OF AMERICA,US-CA,CALIFORNIA,LOS ANGELES COUNTY,PASADENA
US,UNITED STATES OF AMERICA,US-CA,CALIFORNIA,LOS ANGELES COUNTY,POMONA
US,UNITED STATES OF AMERICA,US-CA,CALIFORNIA,LOS ANGELES COUNTY,SOUTH PASADENA
US,UNITED STATES OF AMERICA,US-CA,CALIFORNIA,LOS ANGELES COUNTY,VENICE
US,UNITED STATES OF AMERICA,US-CA,CALIFORNIA,ORANGE COUNTY,SANTA ANA
US,UNITED STATES OF AMERICA,US-CA,CALIFORNIA,RIVERSIDE COUNTY,RIVERSIDE
US,UNITED STATES OF AMERICA,US-CA,CALIFORNIA,SACRAMENTO COUNTY,SACRAMENTO
US,UNITED STATES OF AMERICA,US-CA,CALIFORNIA,SAN BERNARDINO COUNTY,REDLANDS
US,UNITED STATES OF AMERICA,US-CA,CALIFORNIA,SAN BERNARDINO COUNTY,SAN BERNARDINO
US,UNITED STATES OF AMERICA,US-CA,CALIFORNIA,SAN FRANCISCO COUNTY,SAN FRANCISCO
US,UNITED STATES OF AMERICA,US-CA,CALIFORNIA,SAN JOAQUIN COUNTY,STOCKTON
US,UNITED STATES OF AMERICA,US-CA,CALIFORNIA,SANTA BARBARA COUNTY,SANTA BARBARA
US,UNITED STATES OF AMERICA,US-CA,CALIFORNIA,SANTA CLARA COUNTY,PALO ALTO
US,UNITED STATES OF AMERICA,US-CA,CALIFORNIA,SANTA CLARA COUNTY,SAN JOSE
US,UNITED STATES OF AMERICA,US-CA,CALIFORNIA,SANTA CRUZ COUNTY,SANTA CRUZ
US,UNITED STATES OF AMERICA,US-CA,CALIFORNIA,SOLANO COUNTY,VALLEJO
US,UNITED STATES OF AMERICA,US-CA,CALIFORNIA,TRINITY COUNTY,LEWISTON
US,UNITED STATES OF AMERICA,US-CO,COLORADO,BOULDER COUNTY,BOULDER
US,UNITED STATES OF AMERICA,US-CO,COLORADO,DENVER COUNTY,DENVER
US,UNITED STATES OF AMERICA,US-CO,COLORADO,EL PASO COUNTY,COLORADO SPRINGS
US,UNITED STATES OF AMERICA,US-CO,COLORADO,EL PASO COUNTY,FOUNTAIN
US,UNITED STATES OF AMERICA,US-CO,COLORADO,LARIMER COUNTY,FORT COLLINS
US,UNITED STATES OF AMERICA,US-CO,COLORADO,LAS ANIMAS COUNTY,TRINIDAD
US,UNITED STATES OF AMERICA,US-CO,COLORADO,MESA COUNTY,BRIDGEPORT
US,UNITED STATES OF AMERICA,US-CO,COLORADO,OTERO COUNTY,ROCKY FORD
US,UNITED STATES OF AMERICA,US-CO,COLORADO,PUEBLO COUNTY,PUEBLO
US,UNITED STATES OF AMERICA,US-CO,COLORADO,WELD COUNTY,GREELEY
US,UNITED STATES OF AMERICA,US-CT,CONNECTICUT,FAIRFIELD COUNTY,BRIDGEPORT
US,UNITED STATES OF AMERICA,US-CT,CONNECTICUT,FAIRFIELD COUNTY,DANBURY
US,UNITED STATES OF AMERICA,US-CT,CONNECTICUT,FAIRFIELD COUNTY,FAIRFIELD
US,UNITED STATES OF AMERICA,US-CT,CONNECTICUT,FAIRFIELD COUNTY,GREENWICH
US,UNITED STATES OF AMERICA,US-CT,CONNECTICUT,FAIRFIELD COUNTY,NORWALK
US,UNITED STATES OF AMERICA,US-CT,CONNECTICUT,FAIRFIELD COUNTY,STAMFORD
US,UNITED STATES OF AMERICA,US-CT,CONNECTICUT,HARTFORD COUNTY,BRISTOL
US,UNITED STATES OF AMERICA,US-CT,CONNECTICUT,HARTFORD COUNTY,ENFIELD
US,UNITED STATES OF AMERICA,US-CT,CONNECTICUT,HARTFORD COUNTY,HARTFORD
US,UNITED STATES OF AMERICA,US-CT,CONNECTICUT,HARTFORD COUNTY,MANCHESTER
US,UNITED STATES OF AMERICA,US-CT,CONNECTICUT,HARTFORD COUNTY,NEW BRITAIN
US,UNITED STATES OF AMERICA,US-CT,CONNECTICUT,MIDDLESEX COUNTY,MIDDLETOWN
US,UNITED STATES OF AMERICA,US-CT,CONNECTICUT,NEW HAVEN COUNTY,ANSONIA
US,UNITED STATES OF AMERICA,US-CT,CONNECTICUT,NEW HAVEN COUNTY,DERBY
US,UNITED STATES OF AMERICA,US-CT,CONNECTICUT,NEW HAVEN COUNTY,MERIDEN
US,UNITED STATES OF AMERICA,US-CT,CONNECTICUT,NEW HAVEN COUNTY,MILFORD
US,UNITED STATES OF AMERICA,US-CT,CONNECTICUT,NEW HAVEN COUNTY,NAUGATUCK
US,UNITED STATES OF AMERICA,US-CT,CONNECTICUT,NEW HAVEN COUNTY,NEW HAVEN
US,UNITED STATES OF AMERICA,US-CT,CONNECTICUT,NEW HAVEN COUNTY,ORANGE
US,UNITED STATES OF AMERICA,US-CT,CONNECTICUT,NEW HAVEN COUNTY,WALLINGFORD
US,UNITED STATES OF AMERICA,US-CT,CONNECTICUT,NEW HAVEN COUNTY,WATERBURY
US,UNITED STATES OF AMERICA,US-CT,CONNECTICUT,NEW LONDON COUNTY,NEW LONDON
US,UNITED STATES OF AMERICA,US-CT,CONNECTICUT,NEW LONDON COUNTY,NORWICH
US,UNITED STATES OF AMERICA,US-CT,CONNECTICUT,NEW LONDON COUNTY,STONINGTON
US,UNITED STATES OF AMERICA,US-CT,CONNECTICUT,WINDHAM COUNTY,PUTNAM
US,UNITED STATES OF AMERICA,US-CT,CONNECTICUT,WINDHAM COUNTY,WILLIMANTIC
US,UNITED STATES OF AMERICA,US-CT,CONNECTICUT,WINDHAM COUNTY,WINDHAM
US,UNITED STATES OF AMERICA,US-DC,DISTRICT OF COLUMBIA,WASHINGTON COUNTY,WASHINGTON
US,UNITED STATES OF AMERICA,US-DE,DELAWARE,NEW CASTLE COUNTY,WILMINGTON
US,UNITED STATES OF AMERICA,US-FL,FLORIDA,DUVAL COUNTY,DUVAL
US,UNITED STATES OF AMERICA,US-FL,FLORIDA,DUVAL COUNTY,JACKSONVILLE
US,UNITED STATES OF AMERICA,US-FL,FLORIDA,DUVAL COUNTY,MANDARIN
US,UNITED STATES OF AMERICA,US-FL,FLORIDA,ESCAMBIA COUNTY,PENSACOLA
US,UNITED STATES OF AMERICA,US-FL,FLORIDA,HILLSBOROUGH COUNTY,TAMPA
US,UNITED STATES OF AMERICA,US-FL,FLORIDA,HILLSBOROUGH COUNTY,WEST TAMPA
US,UNITED STATES OF AMERICA,US-FL,FLORIDA,JACKSON COUNTY,MARIANNA
US,UNITED STATES OF AMERICA,US-FL,FLORIDA,MIAMI-DADE,MIAMI
US,UNITED STATES OF AMERICA,US-FL,FLORIDA,MONROE COUNTY,KEY WEST
US,UNITED STATES OF AMERICA,US-FL,FLORIDA,PINELLAS COUNTY,ST. PETERSBURG
US,UNITED STATES OF AMERICA,US-FL,FLORIDA,PINELLAS COUNTY,TARPON SPRINGS
US,UNITED STATES OF AMERICA,US-FL,FLORIDA,SARASOTA COUNTY,SARASOTA
US,UNITED STATES OF AMERICA,US-FL,FLORIDA,WALTON COUNTY,DEFUNIAK SPRINGS
US,UNITED STATES OF AMERICA,US-GA,GEORGIA,BIBB COUNTY,MACON
US,UNITED STATES OF AMERICA,US-GA,GEORGIA,CHATHAM COUNTY,SAVANNAH
US,UNITED STATES OF AMERICA,US-GA,GEORGIA,CLARKE COUNTY,ATHENS
US,UNITED STATES OF AMERICA,US-GA,GEORGIA,DOUGHERTY COUNTY,ALBANY
US,UNITED STATES OF AMERICA,US-GA,GEORGIA,FLOYD COUNTY,ROME
US,UNITED STATES OF AMERICA,US-GA,GEORGIA,FULTON COUNTY,ATLANTA
US,UNITED STATES OF AMERICA,US-GA,GEORGIA,FULTON COUNTY,BIRMINGHAM
US,UNITED STATES OF AMERICA,US-GA,GEORGIA,GLYNN COUNTY,BRUNSWICK
US,UNITED STATES OF AMERICA,US-GA,GEORGIA,LOWNDES COUNTY,VALDOSTA
US,UNITED STATES OF AMERICA,US-GA,GEORGIA,MUSCOGEE COUNTY,COLUMBUS
US,UNITED STATES OF AMERICA,US-GA,GEORGIA,RICHMOND COUNTY,AUGUSTA
US,UNITED STATES OF AMERICA,US-GA,GEORGIA,TROUP COUNTY,LA GRANGE
US,UNITED STATES OF AMERICA,US-GA,GEORGIA,WARE COUNTY,WAYCROSS
US,UNITED STATES OF AMERICA,US-GA,GEORGIA,WHITE COUNTY,CLEVELAND
US,UNITED STATES OF AMERICA,US-HI,HAWAII,HAWAII COUNTY,HILO
US,UNITED STATES OF AMERICA,US-HI,HAWAII,HONOLULU COUNTY,HONOLULU
US,UNITED STATES OF AMERICA,US-IA,IOWA,BLACK HAWK COUNTY,WATERLOO
US,UNITED STATES OF AMERICA,US-IA,IOWA,BOONE COUNTY,BOONE
US,UNITED STATES OF AMERICA,US-IA,IOWA,CERRO GORDO COUNTY,MASON CITY
US,UNITED STATES OF AMERICA,US-IA,IOWA,CLINTON COUNTY,CLINTON
US,UNITED STATES OF AMERICA,US-IA,IOWA,DES MOINES COUNTY,BURLINGTON
US,UNITED STATES OF AMERICA,US-IA,IOWA,DUBUQUE COUNTY,DUBUQUE
US,UNITED STATES OF AMERICA,US-IA,IOWA,JOHNSON COUNTY,IOWA CITY
US,UNITED STATES OF AMERICA,US-IA,IOWA,LEE COUNTY,KEOKUK
US,UNITED STATES OF AMERICA,US-IA,IOWA,LINN COUNTY,CEDAR RAPIDS
US,UNITED STATES OF AMERICA,US-IA,IOWA,MARSHALL COUNTY,MARSHALLTOWN
US,UNITED STATES OF AMERICA,US-IA,IOWA,MUSCATINE COUNTY,MUSCATINE
US,UNITED STATES OF AMERICA,US-IA,IOWA,POLK COUNTY,DES MOINES
US,UNITED STATES OF AMERICA,US-IA,IOWA,POTTAWATTAMIE COUNTY,COUNCIL BLUFFS
US,UNITED STATES OF AMERICA,US-IA,IOWA,SCOTT COUNTY,DAVENPORT
US,UNITED STATES OF AMERICA,US-IA,IOWA,WAPELLO COUNTY,OTTUMWA
US,UNITED STATES OF AMERICA,US-IA,IOWA,WEBSTER COUNTY,FORT DODGE
US,UNITED STATES OF AMERICA,US-IA,IOWA,WOODBURY COUNTY,SIOUX CITY
US,UNITED STATES OF AMERICA,US-ID,IDAHO,ADA COUNTY,BOISE
US,UNITED STATES OF AMERICA,US-ID,IDAHO,BANNOCK COUNTY,POCATELLO
US,UNITED STATES OF AMERICA,US-IL,ILLINOIS,ADAMS COUNTY,QUINCY
US,UNITED STATES OF AMERICA,US-IL,ILLINOIS,ALEXANDER COUNTY,CAIRO
US,UNITED STATES OF AMERICA,US-IL,ILLINOIS,CHAMPAIGN COUNTY,CHAMPAIGN
US,UNITED STATES OF AMERICA,US-IL,ILLINOIS,CHAMPAIGN COUNTY,URBANA
US,UNITED STATES OF AMERICA,US-IL,ILLINOIS,COLES COUNTY,MATTOON
US,UNITED STATES OF AMERICA,US-IL,ILLINOIS,COOK COUNTY,BERWYN
US,UNITED STATES OF AMERICA,US-IL,ILLINOIS,COOK COUNTY,BLUE ISLAND
US,UNITED STATES OF AMERICA,US-IL,ILLINOIS,COOK COUNTY,CHICAGO
US,UNITED STATES OF AMERICA,US-IL,ILLINOIS,COOK COUNTY,CHICAGO HEIGHTS
US,UNITED STATES OF AMERICA,US-IL,ILLINOIS,COOK COUNTY,CICERO
US,UNITED STATES OF AMERICA,US-IL,ILLINOIS,COOK COUNTY,EVANSTON
US,UNITED STATES OF AMERICA,US-IL,ILLINOIS,COOK COUNTY,OAK PARK
US,UNITED STATES OF AMERICA,US-IL,ILLINOIS,FULTON COUNTY,CANTON
US,UNITED STATES OF AMERICA,US-IL,ILLINOIS,HENRY COUNTY,CLEVELAND
US,UNITED STATES OF AMERICA,US-IL,ILLINOIS,HENRY COUNTY,KEWANEE
US,UNITED STATES OF AMERICA,US-IL,ILLINOIS,JACKSON COUNTY,MURPHYSBORO
US,UNITED STATES OF AMERICA,US-IL,ILLINOIS,KANE COUNTY,AURORA
US,UNITED STATES OF AMERICA,US-IL,ILLINOIS,KANE COUNTY,ELGIN
US,UNITED STATES OF AMERICA,US-IL,ILLINOIS,KANKAKEE COUNTY,KANKAKEE
US,UNITED STATES OF AMERICA,US-IL,ILLINOIS,KNOX COUNTY,GALESBURG
US,UNITED STATES OF AMERICA,US-IL,ILLINOIS,LASALLE COUNTY,STREATOR
US,UNITED STATES OF AMERICA,US-IL,ILLINOIS,LOGAN COUNTY,ELKHART
US,UNITED STATES OF AMERICA,US-IL,ILLINOIS,MACON COUNTY,DECATUR
US,UNITED STATES OF AMERICA,US-IL,ILLINOIS,MADISON COUNTY,ALTON
US,UNITED STATES OF AMERICA,US-IL,ILLINOIS,MADISON COUNTY,GRANITE CITY
US,UNITED STATES OF AMERICA,US-IL,ILLINOIS,MARION COUNTY,CENTRALIA
US,UNITED STATES OF AMERICA,US-IL,ILLINOIS,MCLEAN COUNTY,BLOOMINGTON
US,UNITED STATES OF AMERICA,US-IL,ILLINOIS,MORGAN COUNTY,JACKSONVILLE
US,UNITED STATES OF AMERICA,US-IL,ILLINOIS,PEORIA COUNTY,PEORIA
US,UNITED STATES OF AMERICA,US-IL,ILLINOIS,RANDOLPH COUNTY,EVANSVILLE
US,UNITED STATES OF AMERICA,US-IL,ILLINOIS,ROCK ISLAND COUNTY,MOLINE
US,UNITED STATES OF AMERICA,US-IL,ILLINOIS,ROCK ISLAND COUNTY,ROCK ISLAND
US,UNITED STATES OF AMERICA,US-IL,ILLINOIS,SANGAMON COUNTY,SPRINGFIELD
US,UNITED STATES OF AMERICA,US-IL,ILLINOIS,STEPHENSON COUNTY,FREEPORT
US,UNITED STATES OF AMERICA,US-IL,ILLINOIS,TAZEWELL COUNTY,PEKIN
US,UNITED STATES OF AMERICA,US-IL,ILLINOIS,VERMILION COUNTY,DANVILLE
US,UNITED STATES OF AMERICA,US-IL,ILLINOIS,WARREN COUNTY,MONMOUTH
US,UNITED STATES OF AMERICA,US-IL,ILLINOIS,WHITESIDE COUNTY,STERLING
US,UNITED STATES OF AMERICA,US-IL,ILLINOIS,WILL COUNTY,JOLIET
US,UNITED STATES OF AMERICA,US-IL,ILLINOIS,WILLIAMSON COUNTY,HERRIN
US,UNITED STATES OF AMERICA,US-IL,ILLINOIS,WINNEBAGO COUNTY,ROCKFORD
US,UNITED STATES OF AMERICA,US-IL,ILLINOIS,WOODFORD COUNTY,ROANOKE
US,UNITED STATES OF AMERICA,US-IN,INDIANA,ALLEN COUNTY,FORT WAYNE
US,UNITED STATES OF AMERICA,US-IN,INDIANA,BARTHOLOMEW COUNTY,COLUMBUS
US,UNITED STATES OF AMERICA,US-IN,INDIANA,CARROLL COUNTY,BURLINGTON
US,UNITED STATES OF AMERICA,US-IN,INDIANA,CASS COUNTY,LOGANSPORT
US,UNITED STATES OF AMERICA,US-IN,INDIANA,CLAY COUNTY,BRAZIL
US,UNITED STATES OF AMERICA,US-IN,INDIANA,CLINTON COUNTY,FRANKFORT
US,UNITED STATES OF AMERICA,US-IN,INDIANA,DELAWARE COUNTY,MUNCIE
US,UNITED STATES OF AMERICA,US-IN,INDIANA,ELKHART COUNTY,ELKHART
US,UNITED STATES OF AMERICA,US-IN,INDIANA,FAYETTE COUNTY,HARRISBURG
US,UNITED STATES OF AMERICA,US-IN,INDIANA,FLOYD COUNTY,NEW ALBANY
US,UNITED STATES OF AMERICA,US-IN,INDIANA,GRANT COUNTY,MARION
US,UNITED STATES OF AMERICA,US-IN,INDIANA,GREENE COUNTY,BLOOMFIELD
US,UNITED STATES OF AMERICA,US-IN,INDIANA,HENRY COUNTY,NEW CASTLE
US,UNITED STATES OF AMERICA,US-IN,INDIANA,HOWARD COUNTY,KOKOMO
US,UNITED STATES OF AMERICA,US-IN,INDIANA,HUNTINGTON COUNTY,HUNTINGTON
US,UNITED STATES OF AMERICA,US-IN,INDIANA,KNOX COUNTY,VINCENNES
US,UNITED STATES OF AMERICA,US-IN,INDIANA,LAKE COUNTY,EAST CHICAGO
US,UNITED STATES OF AMERICA,US-IN,INDIANA,LAKE COUNTY,GARY
US,UNITED STATES OF AMERICA,US-IN,INDIANA,LAKE COUNTY,HAMMOND
US,UNITED STATES OF AMERICA,US-IN,INDIANA,LAPORTE COUNTY,LAPORTE
US,UNITED STATES OF AMERICA,US-IN,INDIANA,LAPORTE COUNTY,MICHIGAN CITY
US,UNITED STATES OF AMERICA,US-IN,INDIANA,LAWRENCE COUNTY,BEDFORD
US,UNITED STATES OF AMERICA,US-IN,INDIANA,MADISON COUNTY,ANDERSON
US,UNITED STATES OF AMERICA,US-IN,INDIANA,MADISON COUNTY,ELWOOD
US,UNITED STATES OF AMERICA,US-IN,INDIANA,MARION COUNTY,INDIANAPOLIS
US,UNITED STATES OF AMERICA,US-IN,INDIANA,MIAMI COUNTY,PERU
US,UNITED STATES OF AMERICA,US-IN,INDIANA,MONROE COUNTY,BLOOMINGTON
US,UNITED STATES OF AMERICA,US-IN,INDIANA,MONTGOMERY COUNTY,CRAWFORDSVILLE
US,UNITED STATES OF AMERICA,US-IN,INDIANA,PERRY COUNTY,TELL CITY
US,UNITED STATES OF AMERICA,US-IN,INDIANA,SHELBY COUNTY,SHELBYVILLE
US,UNITED STATES OF AMERICA,US-IN,INDIANA,TIPPECANOE COUNTY,LAFAYETTE
US,UNITED STATES OF AMERICA,US-IN,INDIANA,VANDERBURGH COUNTY,EVANSVILLE
US,UNITED STATES OF AMERICA,US-IN,INDIANA,VIGO COUNTY,TERRE HAUTE
US,UNITED STATES OF AMERICA,US-IN,INDIANA,WAYNE COUNTY,BOSTON
US,UNITED STATES OF AMERICA,US-IN,INDIANA,WAYNE COUNTY,RICHMOND
US,UNITED STATES OF AMERICA,US-IN,INDIANA,WHITE COUNTY,MONTICELLO
US,UNITED STATES OF AMERICA,US-KS,KANSAS,ALLEN COUNTY,IOLA
US,UNITED STATES OF AMERICA,US-KS,KANSAS,ATCHISON COUNTY,ATCHISON
US,UNITED STATES OF AMERICA,US-KS,KANSAS,BOURBON COUNTY,FORT SCOTT
US,UNITED STATES OF AMERICA,US-KS,KANSAS,CHEROKEE COUNTY,COLUMBUS
US,UNITED STATES OF AMERICA,US-KS,KANSAS,CHEROKEE COUNTY,GALENA
US,UNITED STATES OF AMERICA,US-KS,KANSAS,CHEROKEE COUNTY,LOWELL
US,UNITED STATES OF AMERICA,US-KS,KANSAS,COWLEY COUNTY,ARKANSAS CITY
US,UNITED STATES OF AMERICA,US-KS,KANSAS,CRAWFORD COUNTY,PITTSBURG
US,UNITED STATES OF AMERICA,US-KS,KANSAS,DICKINSON COUNTY,ABILENE
US,UNITED STATES OF AMERICA,US-KS,KANSAS,DOUGLAS COUNTY,LAWRENCE
US,UNITED STATES OF AMERICA,US-KS,KANSAS,FRANKLIN COUNTY,PEORIA
US,UNITED STATES OF AMERICA,US-KS,KANSAS,HARVEY COUNTY,NEWTON
US,UNITED STATES OF AMERICA,US-KS,KANSAS,LABETTE COUNTY,PARSONS
US,UNITED STATES OF AMERICA,US-KS,KANSAS,LEAVENWORTH COUNTY,LEAVENWORTH
US,UNITED STATES OF AMERICA,US-KS,KANSAS,LYON COUNTY,EMPORIA
US,UNITED STATES OF AMERICA,US-KS,KANSAS,MONTGOMERY COUNTY,COFFEYVILLE
US,UNITED STATES OF AMERICA,US-KS,KANSAS,MONTGOMERY COUNTY,INDEPENDENCE
US,UNITED STATES OF AMERICA,US-KS,KANSAS,NEOSHO COUNTY,CHANUTE
US,UNITED STATES OF AMERICA,US-KS,KANSAS,POTTAWATOMIE COUNTY,LOUISVILLE
US,UNITED STATES OF AMERICA,US-KS,KANSAS,RENO COUNTY,HUTCHINSON
US,UNITED STATES OF AMERICA,US-KS,KANSAS,SALINE COUNTY,SALINA
US,UNITED STATES OF AMERICA,US-KS,KANSAS,SEDGWICK COUNTY,WICHITA
US,UNITED STATES OF AMERICA,US-KS,KANSAS,SHAWNEE COUNTY,TOPEKA
US,UNITED STATES OF AMERICA,US-KS,KANSAS,SUMNER COUNTY,WELLINGTON
US,UNITED STATES OF AMERICA,US-KS,KANSAS,WYANDOTTE COUNTY,KANSAS CITY
US,UNITED STATES OF AMERICA,US-KY,KENTUCKY,BOYD COUNTY,ASHLAND
US,UNITED STATES OF AMERICA,US-KY,KENTUCKY,CAMPBELL COUNTY,NEWPORT
US,UNITED STATES OF AMERICA,US-KY,KENTUCKY,CHRISTIAN COUNTY,HOPKINSVILLE
US,UNITED STATES OF AMERICA,US-KY,KENTUCKY,DAVIESS COUNTY,OWENSBORO
US,UNITED STATES OF AMERICA,US-KY,KENTUCKY,FAYETTE COUNTY,LEXINGTON
US,UNITED STATES OF AMERICA,US-KY,KENTUCKY,FRANKLIN COUNTY,FRANKFORT
US,UNITED STATES OF AMERICA,US-KY,KENTUCKY,HENDERSON COUNTY,HENDERSON
US,UNITED STATES OF AMERICA,US-KY,KENTUCKY,JEFFERSON COUNTY,LOUISVILLE
US,UNITED STATES OF AMERICA,US-KY,KENTUCKY,KENTON COUNTY,COVINGTON
US,UNITED STATES OF AMERICA,US-KY,KENTUCKY,MCCRACKEN COUNTY,PADUCAH
US,UNITED STATES OF AMERICA,US-KY,KENTUCKY,OHIO COUNTY,HARTFORD
US,UNITED STATES OF AMERICA,US-KY,KENTUCKY,WASHINGTON COUNTY,SPRINGFIELD
US,UNITED STATES OF AMERICA,US-LA,LOUISIANA,CADDO PARISH,CADDO
US,UNITED STATES OF AMERICA,US-LA,LOUISIANA,CADDO PARISH,SHREVEPORT
US,UNITED STATES OF AMERICA,US-LA,LOUISIANA,CALCASIEU PARISH,LAKE CHARLES
US,UNITED STATES OF AMERICA,US-LA,LOUISIANA,EAST BATON ROUGE PARISH,BATON ROUGE
US,UNITED STATES OF AMERICA,US-LA,LOUISIANA,IBERVILLE PARISH,IBERVILLE
US,UNITED STATES OF AMERICA,US-LA,LOUISIANA,IBERVILLE PARISH,PLAQUEMINE
US,UNITED STATES OF AMERICA,US-LA,LOUISIANA,LAFAYETTE PARISH,LAFAYETTE
US,UNITED STATES OF AMERICA,US-LA,LOUISIANA,ORLEANS PARISH,NEW ORLEANS
US,UNITED STATES OF AMERICA,US-LA,LOUISIANA,OUACHITA PARISH,MONROE
US,UNITED STATES OF AMERICA,US-LA,LOUISIANA,RAPIDES PARISH,ALEXANDRIA
US,UNITED STATES OF AMERICA,US-LA,LOUISIANA,RAPIDES PARISH,RAPIDES
US,UNITED STATES OF AMERICA,US-LA,LOUISIANA,SAINT TAMMANY PARISH,ST. TAMMANY
US,UNITED STATES OF AMERICA,US-LA,LOUISIANA,TANGIPAHOA PARISH,TANGIPAHOA
US,UNITED STATES OF AMERICA,US-MA,MASSACHUSETTS,BERKSHIRE COUNTY,ADAMS
US,UNITED STATES OF AMERICA,US-MA,MASSACHUSETTS,BERKSHIRE COUNTY,NORTH ADAMS
US,UNITED STATES OF AMERICA,US-MA,MASSACHUSETTS,BERKSHIRE COUNTY,PITTSFIELD
US,UNITED STATES OF AMERICA,US-MA,MASSACHUSETTS,BRISTOL COUNTY,ATTLEBORO
US,UNITED STATES OF AMERICA,US-MA,MASSACHUSETTS,BRISTOL COUNTY,FALL RIVER
US,UNITED STATES OF AMERICA,US-MA,MASSACHUSETTS,BRISTOL COUNTY,NEW BEDFORD
US,UNITED STATES OF AMERICA,US-MA,MASSACHUSETTS,BRISTOL COUNTY,NORTH ATTLEBORO
US,UNITED STATES OF AMERICA,US-MA,MASSACHUSETTS,BRISTOL COUNTY,NORTON
US,UNITED STATES OF AMERICA,US-MA,MASSACHUSETTS,BRISTOL COUNTY,TAUNTON
US,UNITED STATES OF AMERICA,US-MA,MASSACHUSETTS,DUKES COUNTY,VINEYARD HAVEN
US,UNITED STATES OF AMERICA,US-MA,MASSACHUSETTS,ESSEX COUNTY,AMESBURY
US,UNITED STATES OF AMERICA,US-MA,MASSACHUSETTS,ESSEX COUNTY,ANDOVER
US,UNITED STATES OF AMERICA,US-MA,MASSACHUSETTS,ESSEX COUNTY,BEVERLY
US,UNITED STATES OF AMERICA,US-MA,MASSACHUSETTS,ESSEX COUNTY,DANVERS
US,UNITED STATES OF AMERICA,US-MA,MASSACHUSETTS,ESSEX COUNTY,GLOUCESTER
US,UNITED STATES OF AMERICA,US-MA,MASSACHUSETTS,ESSEX COUNTY,HAVERHILL
US,UNITED STATES OF AMERICA,US-MA,MASSACHUSETTS,ESSEX COUNTY,LAWRENCE
US,UNITED STATES OF AMERICA,US-MA,MASSACHUSETTS,ESSEX COUNTY,LYNN
US,UNITED STATES OF AMERICA,US-MA,MASSACHUSETTS,ESSEX COUNTY,MARLBORO
US,UNITED STATES OF AMERICA,US-MA,MASSACHUSETTS,ESSEX COUNTY,METHUEN
US,UNITED STATES OF AMERICA,US-MA,MASSACHUSETTS,ESSEX COUNTY,NEWBURYPORT
US,UNITED STATES OF AMERICA,US-MA,MASSACHUSETTS,ESSEX COUNTY,PEABODY
US,UNITED STATES OF AMERICA,US-MA,MASSACHUSETTS,ESSEX COUNTY,SALEM
US,UNITED STATES OF AMERICA,US-MA,MASSACHUSETTS,ESSEX COUNTY,SAUGUS
US,UNITED STATES OF AMERICA,US-MA,MASSACHUSETTS,FRANKLIN COUNTY,GREENFIELD
US,UNITED STATES OF AMERICA,US-MA,MASSACHUSETTS,HAMPDEN COUNTY,CHICOPEE
US,UNITED STATES OF AMERICA,US-MA,MASSACHUSETTS,HAMPDEN COUNTY,HOLLAND
US,UNITED STATES OF AMERICA,US-MA,MASSACHUSETTS,HAMPDEN COUNTY,HOLYOKE
US,UNITED STATES OF AMERICA,US-MA,MASSACHUSETTS,HAMPDEN COUNTY,PALMER
US,UNITED STATES OF AMERICA,US-MA,MASSACHUSETTS,HAMPDEN COUNTY,SPRINGFIELD
US,UNITED STATES OF AMERICA,US-MA,MASSACHUSETTS,HAMPDEN COUNTY,WEST SPRINGFIELD
US,UNITED STATES OF AMERICA,US-MA,MASSACHUSETTS,HAMPDEN COUNTY,WESTFIELD
US,UNITED STATES OF AMERICA,US-MA,MASSACHUSETTS,HAMPSHIRE COUNTY,EASTHAMPTON
US,UNITED STATES OF AMERICA,US-MA,MASSACHUSETTS,HAMPSHIRE COUNTY,NORTHAMPTON
US,UNITED STATES OF AMERICA,US-MA,MASSACHUSETTS,HAMPSHIRE COUNTY,PLAINFIELD
US,UNITED STATES OF AMERICA,US-MA,MASSACHUSETTS,MIDDLESEX COUNTY,ARLINGTON
US,UNITED STATES OF AMERICA,US-MA,MASSACHUSETTS,MIDDLESEX COUNTY,BELMONT
US,UNITED STATES OF AMERICA,US-MA,MASSACHUSETTS,MIDDLESEX COUNTY,CAMBRIDGE
US,UNITED STATES OF AMERICA,US-MA,MASSACHUSETTS,MIDDLESEX COUNTY,EVERETT
US,UNITED STATES OF AMERICA,US-MA,MASSACHUSETTS,MIDDLESEX COUNTY,FRAMINGHAM
US,UNITED STATES OF AMERICA,US-MA,MASSACHUSETTS,MIDDLESEX COUNTY,LEXINGTON
US,UNITED STATES OF AMERICA,US-MA,MASSACHUSETTS,MIDDLESEX COUNTY,LOWELL
US,UNITED STATES OF AMERICA,US-MA,MASSACHUSETTS,MIDDLESEX COUNTY,MALDEN
US,UNITED STATES OF AMERICA,US-MA,MASSACHUSETTS,MIDDLESEX COUNTY,MARLBOROUGH
US,UNITED STATES OF AMERICA,US-MA,MASSACHUSETTS,MIDDLESEX COUNTY,MEDFORD
US,UNITED STATES OF AMERICA,US-MA,MASSACHUSETTS,MIDDLESEX COUNTY,MELROSE
US,UNITED STATES OF AMERICA,US-MA,MASSACHUSETTS,MIDDLESEX COUNTY,NATICK
US,UNITED STATES OF AMERICA,US-MA,MASSACHUSETTS,MIDDLESEX COUNTY,NEWTON
US,UNITED STATES OF AMERICA,US-MA,MASSACHUSETTS,MIDDLESEX COUNTY,SOMERVILLE
US,UNITED STATES OF AMERICA,US-MA,MASSACHUSETTS,MIDDLESEX COUNTY,WAKEFIELD
US,UNITED STATES OF AMERICA,US-MA,MASSACHUSETTS,MIDDLESEX COUNTY,WALTHAM
US,UNITED STATES OF AMERICA,US-MA,MASSACHUSETTS,MIDDLESEX COUNTY,WATERTOWN
US,UNITED STATES OF AMERICA,US-MA,MASSACHUSETTS,MIDDLESEX COUNTY,WEST NEWTON
US,UNITED STATES OF AMERICA,US-MA,MASSACHUSETTS,MIDDLESEX COUNTY,WINCHESTER
US,UNITED STATES OF AMERICA,US-MA,MASSACHUSETTS,MIDDLESEX COUNTY,WOBURN
US,UNITED STATES OF AMERICA,US-MA,MASSACHUSETTS,NORFOLK COUNTY,BRAINTREE
US,UNITED STATES OF AMERICA,US-MA,MASSACHUSETTS,NORFOLK COUNTY,BROOKLINE
US,UNITED STATES OF AMERICA,US-MA,MASSACHUSETTS,NORFOLK COUNTY,CANTON
US,UNITED STATES OF AMERICA,US-MA,MASSACHUSETTS,NORFOLK COUNTY,DEDHAM
US,UNITED STATES OF AMERICA,US-MA,MASSACHUSETTS,NORFOLK COUNTY,EAST WEYMOUTH
US,UNITED STATES OF AMERICA,US-MA,MASSACHUSETTS,NORFOLK COUNTY,NORTH WEYMOUTH
US,UNITED STATES OF AMERICA,US-MA,MASSACHUSETTS,NORFOLK COUNTY,NORWOOD
US,UNITED STATES OF AMERICA,US-MA,MASSACHUSETTS,NORFOLK COUNTY,QUINCY
US,UNITED STATES OF AMERICA,US-MA,MASSACHUSETTS,NORFOLK COUNTY,WEYMOUTH
US,UNITED STATES OF AMERICA,US-MA,MASSACHUSETTS,PLYMOUTH COUNTY,BROCKTON
US,UNITED STATES OF AMERICA,US-MA,MASSACHUSETTS,PLYMOUTH COUNTY,PLYMOUTH
US,UNITED STATES OF AMERICA,US-MA,MASSACHUSETTS,SUFFOLK COUNTY,BOSTON
US,UNITED STATES OF AMERICA,US-MA,MASSACHUSETTS,SUFFOLK COUNTY,CHELSEA
US,UNITED STATES OF AMERICA,US-MA,MASSACHUSETTS,SUFFOLK COUNTY,HYDE PARK
US,UNITED STATES OF AMERICA,US-MA,MASSACHUSETTS,SUFFOLK COUNTY,REVERE
US,UNITED STATES OF AMERICA,US-MA,MASSACHUSETTS,SUFFOLK COUNTY,WINTHROP
US,UNITED STATES OF AMERICA,US-MA,MASSACHUSETTS,WORCESTER COUNTY,BLACKSTONE
US,UNITED STATES OF AMERICA,US-MA,MASSACHUSETTS,WORCESTER COUNTY,CLINTON
US,UNITED STATES OF AMERICA,US-MA,MASSACHUSETTS,WORCESTER COUNTY,FITCHBURG
US,UNITED STATES OF AMERICA,US-MA,MASSACHUSETTS,WORCESTER COUNTY,GARDNER
US,UNITED STATES OF AMERICA,US-MA,MASSACHUSETTS,WORCESTER COUNTY,LEOMINSTER
US,UNITED STATES OF AMERICA,US-MA,MASSACHUSETTS,WORCESTER COUNTY,MILFORD
US,UNITED STATES OF AMERICA,US-MA,MASSACHUSETTS,WORCESTER COUNTY,NORTHBRIDGE
US,UNITED STATES OF AMERICA,US-MA,MASSACHUSETTS,WORCESTER COUNTY,SOUTHBRIDGE
US,UNITED STATES OF AMERICA,US-MA,MASSACHUSETTS,WORCESTER COUNTY,WEBSTER
US,UNITED STATES OF AMERICA,US-MA,MASSACHUSETTS,WORCESTER COUNTY,WESTCHESTER
US,UNITED STATES OF AMERICA,US-MA,MASSACHUSETTS,WORCESTER COUNTY,WORCESTER
US,UNITED STATES OF AMERICA,US-MD,MARYLAND,ALLEGANY COUNTY,CUMBERLAND
US,UNITED STATES OF AMERICA,US-MD,MARYLAND,DORCHESTER COUNTY,CAMBRIDGE
US,UNITED STATES OF AMERICA,US-MD,MARYLAND,FREDERICK COUNTY,FREDERICK
US,UNITED STATES OF AMERICA,US-MD,MARYLAND,WASHINGTON COUNTY,HAGERSTOWN
US,UNITED STATES OF AMERICA,US-ME,MAINE,ANDROSCOGGIN COUNTY,AUBURN
US,UNITED STATES OF AMERICA,US-ME,MAINE,ANDROSCOGGIN COUNTY,LEWISTON
US,UNITED STATES OF AMERICA,US-ME,MAINE,AROOSTOOK COUNTY,MAPLETON
US,UNITED STATES OF AMERICA,US-ME,MAINE,CUMBERLAND COUNTY,PORTLAND
US,UNITED STATES OF AMERICA,US-ME,MAINE,KENNEBEC COUNTY,AUGUSTA
US,UNITED STATES OF AMERICA,US-ME,MAINE,KENNEBEC COUNTY,GARDINER
US,UNITED STATES OF AMERICA,US-ME,MAINE,KENNEBEC COUNTY,WATERVILLE
US,UNITED STATES OF AMERICA,US-ME,MAINE,KNOX COUNTY,ROCKLAND
US,UNITED STATES OF AMERICA,US-ME,MAINE,PENOBSCOT COUNTY,BANGOR
US,UNITED STATES OF AMERICA,US-ME,MAINE,SAGADAHOC COUNTY,BATH
US,UNITED STATES OF AMERICA,US-ME,MAINE,YORK COUNTY,BIDDEFORD
US,UNITED STATES OF AMERICA,US-ME,MAINE,YORK COUNTY,SANFORD
US,UNITED STATES OF AMERICA,US-MI,MICHIGAN,ALPENA COUNTY,ALPENA
US,UNITED STATES OF AMERICA,US-MI,MICHIGAN,BAY COUNTY,BAY CITY
US,UNITED STATES OF AMERICA,US-MI,MICHIGAN,BAY COUNTY,WEST BAY CITY
US,UNITED STATES OF AMERICA,US-MI,MICHIGAN,BERRIEN COUNTY,BENTON HARBOR
US,UNITED STATES OF AMERICA,US-MI,MICHIGAN,CALHOUN COUNTY,BATTLE CREEK
US,UNITED STATES OF AMERICA,US-MI,MICHIGAN,CHARLEVOIX COUNTY,IRONTON
US,UNITED STATES OF AMERICA,US-MI,MICHIGAN,CHIPPEWA COUNTY,SAULT STE. MARIE
US,UNITED STATES OF AMERICA,US-MI,MICHIGAN,DELTA COUNTY,ESCANABA
US,UNITED STATES OF AMERICA,US-MI,MICHIGAN,DICKINSON COUNTY,IRON MOUNTAIN
US,UNITED STATES OF AMERICA,US-MI,MICHIGAN,GENESEE COUNTY,FLINT
US,UNITED STATES OF AMERICA,US-MI,MICHIGAN,GOGEBIC COUNTY,IRONWOOD
US,UNITED STATES OF AMERICA,US-MI,MICHIGAN,GRAND TRAVERSE COUNTY,TRAVERSE CITY
US,UNITED STATES OF AMERICA,US-MI,MICHIGAN,HOUGHTON COUNTY,HANCOCK
US,UNITED STATES OF AMERICA,US-MI,MICHIGAN,HOUGHTON COUNTY,SOUTH RANGE
US,UNITED STATES OF AMERICA,US-MI,MICHIGAN,HOUGHTON COUNTY,WINONA
US,UNITED STATES OF AMERICA,US-MI,MICHIGAN,INGHAM COUNTY,LANSING
US,UNITED STATES OF AMERICA,US-MI,MICHIGAN,JACKSON COUNTY,JACKSON
US,UNITED STATES OF AMERICA,US-MI,MICHIGAN,KALAMAZOO COUNTY,KALAMAZOO
US,UNITED STATES OF AMERICA,US-MI,MICHIGAN,KENT COUNTY,GRAND RAPIDS
US,UNITED STATES OF AMERICA,US-MI,MICHIGAN,LENAWEE COUNTY,ADRIAN
US,UNITED STATES OF AMERICA,US-MI,MICHIGAN,MANISTEE COUNTY,MANISTEE
US,UNITED STATES OF AMERICA,US-MI,MICHIGAN,MARQUETTE COUNTY,ISHPEMING
US,UNITED STATES OF AMERICA,US-MI,MICHIGAN,MARQUETTE COUNTY,MARQUETTE
US,UNITED STATES OF AMERICA,US-MI,MICHIGAN,MASON COUNTY,LUDINGTON
US,UNITED STATES OF AMERICA,US-MI,MICHIGAN,MENOMINEE COUNTY,MENOMINEE
US,UNITED STATES OF AMERICA,US-MI,MICHIGAN,MUSKEGON COUNTY,MUSKEGON
US,UNITED STATES OF AMERICA,US-MI,MICHIGAN,OAKLAND COUNTY,PONTIAC
US,UNITED STATES OF AMERICA,US-MI,MICHIGAN,OAKLAND COUNTY,ROCHESTER
US,UNITED STATES OF AMERICA,US-MI,MICHIGAN,OTTAWA COUNTY,GRAND HAVEN
US,UNITED STATES OF AMERICA,US-MI,MICHIGAN,OTTAWA COUNTY,HOLLAND
US,UNITED STATES OF AMERICA,US-MI,MICHIGAN,SAGINAW COUNTY,SAGINAW
US,UNITED STATES OF AMERICA,US-MI,MICHIGAN,WASHTENAW COUNTY,ANN ARBOR
US,UNITED STATES OF AMERICA,US-MI,MICHIGAN,WAYNE COUNTY,DETROIT
US,UNITED STATES OF AMERICA,US-MI,MICHIGAN,WAYNE COUNTY,HAMTRAMCK
US,UNITED STATES OF AMERICA,US-MI,MICHIGAN,WEXFORD COUNTY,CADILLAC
US,UNITED STATES OF AMERICA,US-MN,MINNESOTA,BLUE EARTH COUNTY,MANKATO
US,UNITED STATES OF AMERICA,US-MN,MINNESOTA,CROW WING COUNTY,BRAINERD
US,UNITED STATES OF AMERICA,US-MN,MINNESOTA,GOODHUE COUNTY,RED WING
US,UNITED STATES OF AMERICA,US-MN,MINNESOTA,HENNEPIN COUNTY,MINNEAPOLIS
US,UNITED STATES OF AMERICA,US-MN,MINNESOTA,MOWER COUNTY,AUSTIN
US,UNITED STATES OF AMERICA,US-MN,MINNESOTA,OLMSTED COUNTY,DOUGLAS
US,UNITED STATES OF AMERICA,US-MN,MINNESOTA,OLMSTED COUNTY,ROCHESTER
US,UNITED STATES OF AMERICA,US-MN,MINNESOTA,RICE COUNTY,FARIBAULT
US,UNITED STATES OF AMERICA,US-MN,MINNESOTA,WASHINGTON COUNTY,STILLWATER
US,UNITED STATES OF AMERICA,US-MN,MINNESOTA,WINONA COUNTY,WINONA
US,UNITED STATES OF AMERICA,US-MO,MISSOURI,ANDREW COUNTY,SAVANNAH
US,UNITED STATES OF AMERICA,US-MO,MISSOURI,BOONE COUNTY,COLUMBIA
US,UNITED STATES OF AMERICA,US-MO,MISSOURI,BUCHANAN COUNTY,ST. JOSEPH
US,UNITED STATES OF AMERICA,US-MO,MISSOURI,CALLAWAY COUNTY,PORTLAND
US,UNITED STATES OF AMERICA,US-MO,MISSOURI,CAPE GIRARDEAU COUNTY,CAPE GIRARDEAU
US,UNITED STATES OF AMERICA,US-MO,MISSOURI,CLARK COUNTY,KAHOKA
US,UNITED STATES OF AMERICA,US-MO,MISSOURI,COLE COUNTY,JEFFERSON CITY
US,UNITED STATES OF AMERICA,US-MO,MISSOURI,GREENE COUNTY,SPRINGFIELD
US,UNITED STATES OF AMERICA,US-MO,MISSOURI,JACKSON COUNTY,INDEPENDENCE
US,UNITED STATES OF AMERICA,US-MO,MISSOURI,JACKSON COUNTY,KANSAS CITY
US,UNITED STATES OF AMERICA,US-MO,MISSOURI,JASPER COUNTY,CARTHAGE
US,UNITED STATES OF AMERICA,US-MO,MISSOURI,JASPER COUNTY,JOPLIN
US,UNITED STATES OF AMERICA,US-MO,MISSOURI,MARION COUNTY,HANNIBAL
US,UNITED STATES OF AMERICA,US-MO,MISSOURI,PETTIS COUNTY,SEDALIA
US,UNITED STATES OF AMERICA,US-MO,MISSOURI,SAINT CHARLES COUNTY,ST. CHARLES
US,UNITED STATES OF AMERICA,US-MS,MISSISSIPPI,ADAMS COUNTY,NATCHEZ
US,UNITED STATES OF AMERICA,US-MS,MISSISSIPPI,CLAIBORNE COUNTY,PORT GIBSON
US,UNITED STATES OF AMERICA,US-MS,MISSISSIPPI,FORREST COUNTY,HATTIESBURG
US,UNITED STATES OF AMERICA,US-MS,MISSISSIPPI,HARRISON COUNTY,BILOXI
US,UNITED STATES OF AMERICA,US-MS,MISSISSIPPI,HARRISON COUNTY,GULFPORT
US,UNITED STATES OF AMERICA,US-MS,MISSISSIPPI,HINDS COUNTY,JACKSON
US,UNITED STATES OF AMERICA,US-MS,MISSISSIPPI,JACKSON COUNTY,PASCAGOULA
US,UNITED STATES OF AMERICA,US-MS,MISSISSIPPI,JONES COUNTY,LAUREL
US,UNITED STATES OF AMERICA,US-MS,MISSISSIPPI,LAUDERDALE COUNTY,MERIDIAN
US,UNITED STATES OF AMERICA,US-MS,MISSISSIPPI,MARSHALL COUNTY,HOLLY SPRINGS
US,UNITED STATES OF AMERICA,US-MS,MISSISSIPPI,SCOTT COUNTY,FOREST
US,UNITED STATES OF AMERICA,US-MS,MISSISSIPPI,WARREN COUNTY,VICKSBURG
US,UNITED STATES OF AMERICA,US-MS,MISSISSIPPI,WASHINGTON COUNTY,GREENVILLE
US,UNITED STATES OF AMERICA,US-MS,MISSISSIPPI,WILKINSON COUNTY,WOODVILLE
US,UNITED STATES OF AMERICA,US-MS,MISSISSIPPI,YAZOO COUNTY,YAZOO CITY
US,UNITED STATES OF AMERICA,US-MT,MONTANA,CASCADE COUNTY,GREAT FALLS
US,UNITED STATES OF AMERICA,US-MT,MONTANA,DAWSON COUNTY,GLENDIVE
US,UNITED STATES OF AMERICA,US-MT,MONTANA,DEER LODGE COUNTY,ANACONDA
US,UNITED STATES OF AMERICA,US-MT,MONTANA,LEWIS AND CLARK COUNTY,HELENA
US,UNITED STATES OF AMERICA,US-MT,MONTANA,MISSOULA COUNTY,MISSOULA
US,UNITED STATES OF AMERICA,US-MT,MONTANA,RAVALLI COUNTY,STEVENSVILLE
US,UNITED STATES OF AMERICA,US-MT,MONTANA,SILVER BOW COUNTY,BUTTE
US,UNITED STATES OF AMERICA,US-MT,MONTANA,YELLOWSTONE COUNTY,BILLINGS
US,UNITED STATES OF AMERICA,US-NC,NORTH CAROLINA,BUNCOMBE COUNTY,ASHEVILLE
US,UNITED STATES OF AMERICA,US-NC,NORTH CAROLINA,DURHAM COUNTY,DURHAM
US,UNITED STATES OF AMERICA,US-NC,NORTH CAROLINA,FORSYTH COUNTY,WINSTON-SALEM
US,UNITED STATES OF AMERICA,US-NC,NORTH CAROLINA,GASTON COUNTY,GASTONIA
US,UNITED STATES OF AMERICA,US-NC,NORTH CAROLINA,GUILFORD COUNTY,GREENSBORO
US,UNITED STATES OF AMERICA,US-NC,NORTH CAROLINA,GUILFORD COUNTY,HIGH POINT
US,UNITED STATES OF AMERICA,US-NC,NORTH CAROLINA,MECKLENBURG COUNTY,CHARLOTTE
US,UNITED STATES OF AMERICA,US-NC,NORTH CAROLINA,NASH COUNTY,ROCKY MOUNT
US,UNITED STATES OF AMERICA,US-NC,NORTH CAROLINA,NEW HANOVER COUNTY,WILMINGTON
US,UNITED STATES OF AMERICA,US-NC,NORTH CAROLINA,ROWAN COUNTY,SALISBURY
US,UNITED STATES OF AMERICA,US-NC,NORTH CAROLINA,WAKE COUNTY,RALEIGH
US,UNITED STATES OF AMERICA,US-ND,NORTH DAKOTA,BURLEIGH COUNTY,BISMARCK
US,UNITED STATES OF AMERICA,US-ND,NORTH DAKOTA,CASS COUNTY,FARGO
US,UNITED STATES OF AMERICA,US-ND,NORTH DAKOTA,CASS COUNTY,WARREN
US,UNITED STATES OF AMERICA,US-ND,NORTH DAKOTA,GRAND FORKS COUNTY,GRAND FORKS
US,UNITED STATES OF AMERICA,US-ND,NORTH DAKOTA,STUTSMAN COUNTY,KENSAL
US,UNITED STATES OF AMERICA,US-ND,NORTH DAKOTA,TRAILL COUNTY,MAYVILLE
US,UNITED STATES OF AMERICA,US-ND,NORTH DAKOTA,WARD COUNTY,MINOT
US,UNITED STATES OF AMERICA,US-NE,NEBRASKA,BUFFALO COUNTY,KEARNEY
US,UNITED STATES OF AMERICA,US-NE,NEBRASKA,DIXON COUNTY,CONCORD
US,UNITED STATES OF AMERICA,US-NE,NEBRASKA,DODGE COUNTY,FREMONT
US,UNITED STATES OF AMERICA,US-NE,NEBRASKA,DOUGLAS COUNTY,OMAHA
US,UNITED STATES OF AMERICA,US-NE,NEBRASKA,DOUGLAS COUNTY,SOUTH OMAHA
US,UNITED STATES OF AMERICA,US-NE,NEBRASKA,GAGE COUNTY,BEATRICE
US,UNITED STATES OF AMERICA,US-NE,NEBRASKA,HALL COUNTY,GRAND ISLAND
US,UNITED STATES OF AMERICA,US-NE,NEBRASKA,LANCASTER COUNTY,LINCOLN
US,UNITED STATES OF AMERICA,US-NE,NEBRASKA,OTOE COUNTY,NEBRASKA CITY
US,UNITED STATES OF AMERICA,US-NH,NEW HAMPSHIRE,CHESHIRE COUNTY,KEENE
US,UNITED STATES OF AMERICA,US-NH,NEW HAMPSHIRE,COÖS COUNTY,BERLIN
US,UNITED STATES OF AMERICA,US-NH,NEW HAMPSHIRE,HILLSBOROUGH COUNTY,MANCHESTER
US,UNITED STATES OF AMERICA,US-NH,NEW HAMPSHIRE,HILLSBOROUGH COUNTY,NASHUA
US,UNITED STATES OF AMERICA,US-NH,NEW HAMPSHIRE,MERRIMACK COUNTY,CONCORD
US,UNITED STATES OF AMERICA,US-NH,NEW HAMPSHIRE,MERRIMACK COUNTY,FRANKLIN
US,UNITED STATES OF AMERICA,US-NH,NEW HAMPSHIRE,MERRIMACK COUNTY,PITTSFIELD
US,UNITED STATES OF AMERICA,US-NH,NEW HAMPSHIRE,ROCKINGHAM COUNTY,PORTSMOUTH
US,UNITED STATES OF AMERICA,US-NH,NEW HAMPSHIRE,STRAFFORD COUNTY,DOVER
US,UNITED STATES OF AMERICA,US-NH,NEW HAMPSHIRE,STRAFFORD COUNTY,ROCHESTER
US,UNITED STATES OF AMERICA,US-NH,NEW HAMPSHIRE,SULLIVAN COUNTY,CLAREMONT
US,UNITED STATES OF AMERICA,US-NJ,NEW JERSEY,ATLANTIC COUNTY,ATLANTIC CITY
US,UNITED STATES OF AMERICA,US-NJ,NEW JERSEY,ATLANTIC COUNTY,ELWOOD
US,UNITED STATES OF AMERICA,US-NJ,NEW JERSEY,BERGEN COUNTY,ENGLEWOOD
US,UNITED STATES OF AMERICA,US-NJ,NEW JERSEY,BERGEN COUNTY,GARFIELD
US,UNITED STATES OF AMERICA,US-NJ,NEW JERSEY,BERGEN COUNTY,HACKENSACK
US,UNITED STATES OF AMERICA,US-NJ,NEW JERSEY,CAMDEN COUNTY,CAMDEN
US,UNITED STATES OF AMERICA,US-NJ,NEW JERSEY,CAMDEN COUNTY,GLOUCESTER CITY
US,UNITED STATES OF AMERICA,US-NJ,NEW JERSEY,CAPE MAY COUNTY,GREENFIELD
US,UNITED STATES OF AMERICA,US-NJ,NEW JERSEY,ESSEX COUNTY,BELLEVILLE
US,UNITED STATES OF AMERICA,US-NJ,NEW JERSEY,ESSEX COUNTY,BLOOMFIELD
US,UNITED STATES OF AMERICA,US-NJ,NEW JERSEY,ESSEX COUNTY,EAST ORANGE
US,UNITED STATES OF AMERICA,US-NJ,NEW JERSEY,ESSEX COUNTY,IRVINGTON
US,UNITED STATES OF AMERICA,US-NJ,NEW JERSEY,ESSEX COUNTY,MONTCLAIR
US,UNITED STATES OF AMERICA,US-NJ,NEW JERSEY,ESSEX COUNTY,NEWARK
US,UNITED STATES OF AMERICA,US-NJ,NEW JERSEY,ESSEX COUNTY,ORANGE
US,UNITED STATES OF AMERICA,US-NJ,NEW JERSEY,ESSEX COUNTY,WEST ORANGE
US,UNITED STATES OF AMERICA,US-NJ,NEW JERSEY,HUDSON COUNTY,BAYONNE
US,UNITED STATES OF AMERICA,US-NJ,NEW JERSEY,HUDSON COUNTY,HARRISON
US,UNITED STATES OF AMERICA,US-NJ,NEW JERSEY,HUDSON COUNTY,HOBOKEN
US,UNITED STATES OF AMERICA,US-NJ,NEW JERSEY,HUDSON COUNTY,JERSEY CITY
US,UNITED STATES OF AMERICA,US-NJ,NEW JERSEY,HUDSON COUNTY,KEARNY
US,UNITED STATES OF AMERICA,US-NJ,NEW JERSEY,HUDSON COUNTY,WEST NEW YORK
US,UNITED STATES OF AMERICA,US-NJ,NEW JERSEY,MERCER COUNTY,TRENTON
US,UNITED STATES OF AMERICA,US-NJ,NEW JERSEY,MIDDLESEX COUNTY,NEW BRUNSWICK
US,UNITED STATES OF AMERICA,US-NJ,NEW JERSEY,MIDDLESEX COUNTY,PERTH AMBOY
US,UNITED STATES OF AMERICA,US-NJ,NEW JERSEY,MONMOUTH COUNTY,ASBURY PARK
US,UNITED STATES OF AMERICA,US-NJ,NEW JERSEY,MONMOUTH COUNTY,LONG BRANCH
US,UNITED STATES OF AMERICA,US-NJ,NEW JERSEY,MONMOUTH COUNTY,ROOSEVELT
US,UNITED STATES OF AMERICA,US-NJ,NEW JERSEY,MORRIS COUNTY,MORRISTOWN
US,UNITED STATES OF AMERICA,US-NJ,NEW JERSEY,PASSAIC COUNTY,CLIFTON
US,UNITED STATES OF AMERICA,US-NJ,NEW JERSEY,PASSAIC COUNTY,PASSAIC
US,UNITED STATES OF AMERICA,US-NJ,NEW JERSEY,PASSAIC COUNTY,PATERSON
US,UNITED STATES OF AMERICA,US-NJ,NEW JERSEY,SOMERSET COUNTY,KINGSTON
US,UNITED STATES OF AMERICA,US-NJ,NEW JERSEY,SOMERSET COUNTY,SOMERVILLE
US,UNITED STATES OF AMERICA,US-NJ,NEW JERSEY,UNION COUNTY,ELIZABETH
US,UNITED STATES OF AMERICA,US-NJ,NEW JERSEY,UNION COUNTY,PLAINFIELD
US,UNITED STATES OF AMERICA,US-NJ,NEW JERSEY,UNION COUNTY,RAHWAY
US,UNITED STATES OF AMERICA,US-NJ,NEW JERSEY,UNION COUNTY,SUMMIT
US,UNITED STATES OF AMERICA,US-NJ,NEW JERSEY,WARREN COUNTY,MOUNT VERNON
US,UNITED STATES OF AMERICA,US-NJ,NEW JERSEY,WARREN COUNTY,PHILLIPSBURG
US,UNITED STATES OF AMERICA,US-NM,NEW MEXICO,BERNALILLO COUNTY,ALBUQUERQUE
US,UNITED STATES OF AMERICA,US-NV,NEVADA,CLARK COUNTY,LAS VEGAS
US,UNITED STATES OF AMERICA,US-NV,NEVADA,STOREY COUNTY,VIRGINIA CITY
US,UNITED STATES OF AMERICA,US-NV,NEVADA,WASHOE COUNTY,RENO
US,UNITED STATES OF AMERICA,US-NY,NEW YORK,ALBANY COUNTY,ALBANY
US,UNITED STATES OF AMERICA,US-NY,NEW YORK,ALBANY COUNTY,COHOES
US,UNITED STATES OF AMERICA,US-NY,NEW YORK,ALBANY COUNTY,WATERVLIET
US,UNITED STATES OF AMERICA,US-NY,NEW YORK,BROOME COUNTY,BINGHAMTON
US,UNITED STATES OF AMERICA,US-NY,NEW YORK,CATTARAUGUS COUNTY,OLEAN
US,UNITED STATES OF AMERICA,US-NY,NEW YORK,CAYUGA COUNTY,AUBURN
US,UNITED STATES OF AMERICA,US-NY,NEW YORK,CAYUGA COUNTY,AURORA
US,UNITED STATES OF AMERICA,US-NY,NEW YORK,CHAUTAUQUA COUNTY,DUNKIRK
US,UNITED STATES OF AMERICA,US-NY,NEW YORK,CHAUTAUQUA COUNTY,JAMESTOWN
US,UNITED STATES OF AMERICA,US-NY,NEW YORK,CHEMUNG COUNTY,ELMIRA
US,UNITED STATES OF AMERICA,US-NY,NEW YORK,COLUMBIA COUNTY,HUDSON
US,UNITED STATES OF AMERICA,US-NY,NEW YORK,CORTLAND COUNTY,CORTLAND
US,UNITED STATES OF AMERICA,US-NY,NEW YORK,DUTCHESS COUNTY,BEACON
US,UNITED STATES OF AMERICA,US-NY,NEW YORK,DUTCHESS COUNTY,POUGHKEEPSIE
US,UNITED STATES OF AMERICA,US-NY,NEW YORK,ERIE COUNTY,BUFFALO
US,UNITED STATES OF AMERICA,US-NY,NEW YORK,ERIE COUNTY,LACKAWANNA
US,UNITED STATES OF AMERICA,US-NY,NEW YORK,ERIE COUNTY,TONAWANDA
US,UNITED STATES OF AMERICA,US-NY,NEW YORK,FULTON COUNTY,GLOVERSVILLE
US,UNITED STATES OF AMERICA,US-NY,NEW YORK,FULTON COUNTY,JOHNSTOWN
US,UNITED STATES OF AMERICA,US-NY,NEW YORK,GENESEE COUNTY,BATAVIA
US,UNITED STATES OF AMERICA,US-NY,NEW YORK,HERKIMER COUNTY,HERKIMER
US,UNITED STATES OF AMERICA,US-NY,NEW YORK,HERKIMER COUNTY,LITTLE FALLS
US,UNITED STATES OF AMERICA,US-NY,NEW YORK,JEFFERSON COUNTY,NORTH ADAMS
US,UNITED STATES OF AMERICA,US-NY,NEW YORK,JEFFERSON COUNTY,PHILADELPHIA
US,UNITED STATES OF AMERICA,US-NY,NEW YORK,JEFFERSON COUNTY,WATERTOWN
US,UNITED STATES OF AMERICA,US-NY,NEW YORK,KINGS COUNTY,BROOKLYN
US,UNITED STATES OF AMERICA,US-NY,NEW YORK,LEWIS COUNTY,BEAVER FALLS
US,UNITED STATES OF AMERICA,US-NY,NEW YORK,MADISON COUNTY,HAMILTON
US,UNITED STATES OF AMERICA,US-NY,NEW YORK,MADISON COUNTY,ONEIDA
US,UNITED STATES OF AMERICA,US-NY,NEW YORK,MONROE COUNTY,ROCHESTER
US,UNITED STATES OF AMERICA,US-NY,NEW YORK,MONTGOMERY COUNTY,AMSTERDAM
US,UNITED STATES OF AMERICA,US-NY,NEW YORK,NIAGARA COUNTY,LOCKPORT
US,UNITED STATES OF AMERICA,US-NY,NEW YORK,NIAGARA COUNTY,NIAGARA FALLS
US,UNITED STATES OF AMERICA,US-NY,NEW YORK,NIAGARA COUNTY,NORTH TONAWANDA
US,UNITED STATES OF AMERICA,US-NY,NEW YORK,ONEIDA COUNTY,CAMDEN
US,UNITED STATES OF AMERICA,US-NY,NEW YORK,ONEIDA COUNTY,UTICA
US,UNITED STATES OF AMERICA,US-NY,NEW YORK,ONONDAGA COUNTY,SYRACUSE
US,UNITED STATES OF AMERICA,US-NY,NEW YORK,ONTARIO COUNTY,GENEVA
US,UNITED STATES OF AMERICA,US-NY,NEW YORK,ORANGE COUNTY,MONROE
US,UNITED STATES OF AMERICA,US-NY,NEW YORK,ORANGE COUNTY,NEWBURGH
US,UNITED STATES OF AMERICA,US-NY,NEW YORK,OSWEGO COUNTY,FULTON
US,UNITED STATES OF AMERICA,US-NY,NEW YORK,OSWEGO COUNTY,OSWEGO
US,UNITED STATES OF AMERICA,US-NY,NEW YORK,OTSEGO COUNTY,HOBOKEN
US,UNITED STATES OF AMERICA,US-NY,NEW YORK,OTSEGO COUNTY,ONEONTA
US,UNITED STATES OF AMERICA,US-NY,NEW YORK,OTSEGO COUNTY,WORCESTER
US,UNITED STATES OF AMERICA,US-NY,NEW YORK,QUEENS,COLLEGE POINT
US,UNITED STATES OF AMERICA,US-NY,NEW YORK,RENSSELAER COUNTY,LANSINGBURGH
US,UNITED STATES OF AMERICA,US-NY,NEW YORK,RENSSELAER COUNTY,TROY
US,UNITED STATES OF AMERICA,US-NY,NEW YORK,RICHMOND COUNTY,NEW BRIGHTON
US,UNITED STATES OF AMERICA,US-NY,NEW YORK,RICHMOND COUNTY,PORT RICHMOND
US,UNITED STATES OF AMERICA,US-NY,NEW YORK,SARATOGA COUNTY,SARATOGA SPRINGS
US,UNITED STATES OF AMERICA,US-NY,NEW YORK,SCHENECTADY COUNTY,SCHENECTADY
US,UNITED STATES OF AMERICA,US-NY,NEW YORK,SENECA COUNTY,SENECA FALLS
US,UNITED STATES OF AMERICA,US-NY,NEW YORK,STEUBEN COUNTY,CORNING
US,UNITED STATES OF AMERICA,US-NY,NEW YORK,STEUBEN COUNTY,HORNELL
US,UNITED STATES OF AMERICA,US-NY,NEW YORK,SUFFOLK COUNTY,NORTHAMPTON
US,UNITED STATES OF AMERICA,US-NY,NEW YORK,TOMPKINS COUNTY,ITHACA
US,UNITED STATES OF AMERICA,US-NY,NEW YORK,ULSTER COUNTY,KINGSTON
US,UNITED STATES OF AMERICA,US-NY,NEW YORK,WARREN COUNTY,GLENS FALLS
US,UNITED STATES OF AMERICA,US-NY,NEW YORK,WESTCHESTER COUNTY,NEW ROCHELLE
US,UNITED STATES OF AMERICA,US-NY,NEW YORK,WESTCHESTER COUNTY,OSSINING
US,UNITED STATES OF AMERICA,US-NY,NEW YORK,WESTCHESTER COUNTY,PEEKSKILL
US,UNITED STATES OF AMERICA,US-NY,NEW YORK,WESTCHESTER COUNTY,PORT CHESTER
US,UNITED STATES OF AMERICA,US-NY,NEW YORK,WESTCHESTER COUNTY,RYE
US,UNITED STATES OF AMERICA,US-NY,NEW YORK,WESTCHESTER COUNTY,WHITE PLAINS
US,UNITED STATES OF AMERICA,US-NY,NEW YORK,WESTCHESTER COUNTY,YONKERS
US,UNITED STATES OF AMERICA,US-OH,OHIO,ALLEN COUNTY,LIMA
US,UNITED STATES OF AMERICA,US-OH,OHIO,ASHTABULA COUNTY,ASHTABULA
US,UNITED STATES OF AMERICA,US-OH,OHIO,BELMONT COUNTY,BELLAIRE
US,UNITED STATES OF AMERICA,US-OH,OHIO,BELMONT COUNTY,MARTINS FERRY
US,UNITED STATES OF AMERICA,US-OH,OHIO,BROWN COUNTY,DECATUR
US,UNITED STATES OF AMERICA,US-OH,OHIO,BUTLER COUNTY,HAMILTON
US,UNITED STATES OF AMERICA,US-OH,OHIO,CHAMPAIGN COUNTY,URBANA
US,UNITED STATES OF AMERICA,US-OH,OHIO,CLARK COUNTY,SPRINGFIELD
US,UNITED STATES OF AMERICA,US-OH,OHIO,COLUMBIANA COUNTY,EAST LIVERPOOL
US,UNITED STATES OF AMERICA,US-OH,OHIO,COSHOCTON COUNTY,COSHOCTON
US,UNITED STATES OF AMERICA,US-OH,OHIO,CRAWFORD COUNTY,BUCYRUS
US,UNITED STATES OF AMERICA,US-OH,OHIO,CUYAHOGA COUNTY,CLEVELAND
US,UNITED STATES OF AMERICA,US-OH,OHIO,CUYAHOGA COUNTY,CLEVELAND HEIGHTS
US,UNITED STATES OF AMERICA,US-OH,OHIO,CUYAHOGA COUNTY,EAST CLEVELAND
US,UNITED STATES OF AMERICA,US-OH,OHIO,DARKE COUNTY,GREENVILLE
US,UNITED STATES OF AMERICA,US-OH,OHIO,ERIE COUNTY,SANDUSKY
US,UNITED STATES OF AMERICA,US-OH,OHIO,FAIRFIELD COUNTY,LANCASTER
US,UNITED STATES OF AMERICA,US-OH,OHIO,FRANKLIN COUNTY,ALTON
US,UNITED STATES OF AMERICA,US-OH,OHIO,FRANKLIN COUNTY,COLUMBUS
US,UNITED STATES OF AMERICA,US-OH,OHIO,GUERNSEY COUNTY,CAMBRIDGE
US,UNITED STATES OF AMERICA,US-OH,OHIO,GUERNSEY COUNTY,CUMBERLAND
US,UNITED STATES OF AMERICA,US-OH,OHIO,HAMILTON COUNTY,CINCINNATI
US,UNITED STATES OF AMERICA,US-OH,OHIO,HANCOCK COUNTY,FINDLAY
US,UNITED STATES OF AMERICA,US-OH,OHIO,JEFFERSON COUNTY,STEUBENVILLE
US,UNITED STATES OF AMERICA,US-OH,OHIO,KNOX COUNTY,MOUNT VERNON
US,UNITED STATES OF AMERICA,US-OH,OHIO,LAWRENCE COUNTY,IRONTON
US,UNITED STATES OF AMERICA,US-OH,OHIO,LICKING COUNTY,NEWARK
US,UNITED STATES OF AMERICA,US-OH,OHIO,LOGAN COUNTY,ZANESFIELD
US,UNITED STATES OF AMERICA,US-OH,OHIO,LORAIN COUNTY,ELYRIA
US,UNITED STATES OF AMERICA,US-OH,OHIO,LORAIN COUNTY,LORAIN
US,UNITED STATES OF AMERICA,US-OH,OHIO,LUCAS COUNTY,TOLEDO
US,UNITED STATES OF AMERICA,US-OH,OHIO,MAHONING COUNTY,BELOIT
US,UNITED STATES OF AMERICA,US-OH,OHIO,MAHONING COUNTY,YOUNGSTOWN
US,UNITED STATES OF AMERICA,US-OH,OHIO,MARION COUNTY,MARION
US,UNITED STATES OF AMERICA,US-OH,OHIO,MEIGS COUNTY,PORTLAND
US,UNITED STATES OF AMERICA,US-OH,OHIO,MIAMI COUNTY,COVINGTON
US,UNITED STATES OF AMERICA,US-OH,OHIO,MIAMI COUNTY,PIQUA
US,UNITED STATES OF AMERICA,US-OH,OHIO,MONTGOMERY COUNTY,DAYTON
US,UNITED STATES OF AMERICA,US-OH,OHIO,MUSKINGUM COUNTY,ZANESVILLE
US,UNITED STATES OF AMERICA,US-OH,OHIO,RICHLAND COUNTY,MANSFIELD
US,UNITED STATES OF AMERICA,US-OH,OHIO,ROSS COUNTY,CHILLICOTHE
US,UNITED STATES OF AMERICA,US-OH,OHIO,SANDUSKY COUNTY,FREMONT
US,UNITED STATES OF AMERICA,US-OH,OHIO,SCIOTO COUNTY,PORTSMOUTH
US,UNITED STATES OF AMERICA,US-OH,OHIO,SENECA COUNTY,FOSTORIA
US,UNITED STATES OF AMERICA,US-OH,OHIO,SENECA COUNTY,TIFFIN
US,UNITED STATES OF AMERICA,US-OH,OHIO,STARK COUNTY,ALLIANCE
US,UNITED STATES OF AMERICA,US-OH,OHIO,STARK COUNTY,CANTON
US,UNITED STATES OF AMERICA,US-OH,OHIO,STARK COUNTY,MASSILLON
US,UNITED STATES OF AMERICA,US-OH,OHIO,SUMMIT COUNTY,AKRON
US,UNITED STATES OF AMERICA,US-OH,OHIO,SUMMIT COUNTY,BARBERTON
US,UNITED STATES OF AMERICA,US-OH,OHIO,SUMMIT COUNTY,CUYAHOGA FALLS
US,UNITED STATES OF AMERICA,US-OH,OHIO,SUMMIT COUNTY,KENMORE
US,UNITED STATES OF AMERICA,US-OH,OHIO,TRUMBULL COUNTY,NILES
US,UNITED STATES OF AMERICA,US-OH,OHIO,TRUMBULL COUNTY,WARREN
US,UNITED STATES OF AMERICA,US-OH,OHIO,TUSCARAWAS COUNTY,NEW PHILADELPHIA
US,UNITED STATES OF AMERICA,US-OH,OHIO,WARREN COUNTY,LEBANON
US,UNITED STATES OF AMERICA,US-OH,OHIO,WASHINGTON COUNTY,MARIETTA
US,UNITED STATES OF AMERICA,US-OH,OHIO,WILLIAMS COUNTY,STRYKER
US,UNITED STATES OF AMERICA,US-OK,OKLAHOMA,GARFIELD COUNTY,ENID
US,UNITED STATES OF AMERICA,US-OK,OKLAHOMA,GRADY COUNTY,CHICKASHA
US,UNITED STATES OF AMERICA,US-OK,OKLAHOMA,LINCOLN COUNTY,PARKLAND
US,UNITED STATES OF AMERICA,US-OK,OKLAHOMA,LOGAN COUNTY,GUTHRIE
US,UNITED STATES OF AMERICA,US-OK,OKLAHOMA,MUSKOGEE COUNTY,MUSKOGEE
US,UNITED STATES OF AMERICA,US-OK,OKLAHOMA,OKLAHOMA COUNTY,OKLAHOMA CITY
US,UNITED STATES OF AMERICA,US-OK,OKLAHOMA,PITTSBURG COUNTY,MCALESTER
US,UNITED STATES OF AMERICA,US-OK,OKLAHOMA,POTTAWATOMIE COUNTY,SHAWNEE
US,UNITED STATES OF AMERICA,US-OK,OKLAHOMA,TULSA COUNTY,TULSA
US,UNITED STATES OF AMERICA,US-OR,OREGON,CLATSOP COUNTY,ASTORIA
US,UNITED STATES OF AMERICA,US-OR,OREGON,JACKSON COUNTY,MEDFORD
US,UNITED STATES OF AMERICA,US-OR,OREGON,LANE COUNTY,EUGENE
US,UNITED STATES OF AMERICA,US-OR,OREGON,MARION COUNTY,SALEM
US,UNITED STATES OF AMERICA,US-OR,OREGON,MULTNOMAH COUNTY,PORTLAND
US,UNITED STATES OF AMERICA,US-PA,PENNSYLVANIA,ALLEGHENY COUNTY,CARNEGIE
US,UNITED STATES OF AMERICA,US-PA,PENNSYLVANIA,ALLEGHENY COUNTY,DUQUESNE
US,UNITED STATES OF AMERICA,US-PA,PENNSYLVANIA,ALLEGHENY COUNTY,HOMESTEAD
US,UNITED STATES OF AMERICA,US-PA,PENNSYLVANIA,ALLEGHENY COUNTY,MCKEES ROCKS
US,UNITED STATES OF AMERICA,US-PA,PENNSYLVANIA,ALLEGHENY COUNTY,MCKEESPORT
US,UNITED STATES OF AMERICA,US-PA,PENNSYLVANIA,ALLEGHENY COUNTY,NORTH BRADDOCK
US,UNITED STATES OF AMERICA,US-PA,PENNSYLVANIA,ALLEGHENY COUNTY,PITTSBURGH
US,UNITED STATES OF AMERICA,US-PA,PENNSYLVANIA,ALLEGHENY COUNTY,SWISSVALE
US,UNITED STATES OF AMERICA,US-PA,PENNSYLVANIA,ALLEGHENY COUNTY,WILKINSBURG
US,UNITED STATES OF AMERICA,US-PA,PENNSYLVANIA,BEAVER COUNTY,AMBRIDGE
US,UNITED STATES OF AMERICA,US-PA,PENNSYLVANIA,BEAVER COUNTY,BEAVER FALLS
US,UNITED STATES OF AMERICA,US-PA,PENNSYLVANIA,BERKS COUNTY,READING
US,UNITED STATES OF AMERICA,US-PA,PENNSYLVANIA,BLAIR COUNTY,ALTOONA
US,UNITED STATES OF AMERICA,US-PA,PENNSYLVANIA,BUCKS COUNTY,BRISTOL
US,UNITED STATES OF AMERICA,US-PA,PENNSYLVANIA,BUTLER COUNTY,BUTLER
US,UNITED STATES OF AMERICA,US-PA,PENNSYLVANIA,CAMBRIA COUNTY,PORTAGE
US,UNITED STATES OF AMERICA,US-PA,PENNSYLVANIA,CHESTER COUNTY,COATESVILLE
US,UNITED STATES OF AMERICA,US-PA,PENNSYLVANIA,CHESTER COUNTY,PHOENIXVILLE
US,UNITED STATES OF AMERICA,US-PA,PENNSYLVANIA,CHESTER COUNTY,WEST CHESTER
US,UNITED STATES OF AMERICA,US-PA,PENNSYLVANIA,CLEARFIELD COUNTY,DUBOIS
US,UNITED STATES OF AMERICA,US-PA,PENNSYLVANIA,COLUMBIA COUNTY,BERWICK
US,UNITED STATES OF AMERICA,US-PA,PENNSYLVANIA,CRAWFORD COUNTY,MEADVILLE
US,UNITED STATES OF AMERICA,US-PA,PENNSYLVANIA,CRAWFORD COUNTY,TITUSVILLE
US,UNITED STATES OF AMERICA,US-PA,PENNSYLVANIA,CUMBERLAND COUNTY,CARLISLE
US,UNITED STATES OF AMERICA,US-PA,PENNSYLVANIA,DAUPHIN COUNTY,HARRISBURG
US,UNITED STATES OF AMERICA,US-PA,PENNSYLVANIA,DAUPHIN COUNTY,STEELTON
US,UNITED STATES OF AMERICA,US-PA,PENNSYLVANIA,DELAWARE COUNTY,CHESTER
US,UNITED STATES OF AMERICA,US-PA,PENNSYLVANIA,ERIE COUNTY,ERIE
US,UNITED STATES OF AMERICA,US-PA,PENNSYLVANIA,FAYETTE COUNTY,CONNELLSVILLE
US,UNITED STATES OF AMERICA,US-PA,PENNSYLVANIA,FAYETTE COUNTY,UNIONTOWN
US,UNITED STATES OF AMERICA,US-PA,PENNSYLVANIA,FRANKLIN COUNTY,CHAMBERSBURG
US,UNITED STATES OF AMERICA,US-PA,PENNSYLVANIA,JEFFERSON COUNTY,PUNXSUTAWNEY
US,UNITED STATES OF AMERICA,US-PA,PENNSYLVANIA,LACKAWANNA COUNTY,CARBONDALE
US,UNITED STATES OF AMERICA,US-PA,PENNSYLVANIA,LACKAWANNA COUNTY,DICKSON CITY
US,UNITED STATES OF AMERICA,US-PA,PENNSYLVANIA,LACKAWANNA COUNTY,DUNMORE
US,UNITED STATES OF AMERICA,US-PA,PENNSYLVANIA,LACKAWANNA COUNTY,OLYPHANT
US,UNITED STATES OF AMERICA,US-PA,PENNSYLVANIA,LACKAWANNA COUNTY,SCRANTON
US,UNITED STATES OF AMERICA,US-PA,PENNSYLVANIA,LANCASTER COUNTY,COLUMBIA
US,UNITED STATES OF AMERICA,US-PA,PENNSYLVANIA,LANCASTER COUNTY,LANCASTER
US,UNITED STATES OF AMERICA,US-PA,PENNSYLVANIA,LAWRENCE COUNTY,NEW CASTLE
US,UNITED STATES OF AMERICA,US-PA,PENNSYLVANIA,LEBANON COUNTY,LEBANON
US,UNITED STATES OF AMERICA,US-PA,PENNSYLVANIA,LEHIGH COUNTY,ALLENTOWN
US,UNITED STATES OF AMERICA,US-PA,PENNSYLVANIA,LUZERNE COUNTY,HAZLETON
US,UNITED STATES OF AMERICA,US-PA,PENNSYLVANIA,LUZERNE COUNTY,NANTICOKE
US,UNITED STATES OF AMERICA,US-PA,PENNSYLVANIA,LUZERNE COUNTY,PITTSTON
US,UNITED STATES OF AMERICA,US-PA,PENNSYLVANIA,LUZERNE COUNTY,PLYMOUTH
US,UNITED STATES OF AMERICA,US-PA,PENNSYLVANIA,LUZERNE COUNTY,WILKES-BARRE
US,UNITED STATES OF AMERICA,US-PA,PENNSYLVANIA,LYCOMING COUNTY,WILLIAMSPORT
US,UNITED STATES OF AMERICA,US-PA,PENNSYLVANIA,MCKEAN COUNTY,BRADFORD
US,UNITED STATES OF AMERICA,US-PA,PENNSYLVANIA,MERCER COUNTY,FARRELL
US,UNITED STATES OF AMERICA,US-PA,PENNSYLVANIA,MERCER COUNTY,SHARON
US,UNITED STATES OF AMERICA,US-PA,PENNSYLVANIA,MONTGOMERY COUNTY,NORRISTOWN
US,UNITED STATES OF AMERICA,US-PA,PENNSYLVANIA,MONTGOMERY COUNTY,POTTSTOWN
US,UNITED STATES OF AMERICA,US-PA,PENNSYLVANIA,NORTHAMPTON COUNTY,EASTON
US,UNITED STATES OF AMERICA,US-PA,PENNSYLVANIA,NORTHUMBERLAND COUNTY,SHAMOKIN
US,UNITED STATES OF AMERICA,US-PA,PENNSYLVANIA,NORTHUMBERLAND COUNTY,SUNBURY
US,UNITED STATES OF AMERICA,US-PA,PENNSYLVANIA,PHILADELPHIA COUNTY,PHILADELPHIA
US,UNITED STATES OF AMERICA,US-PA,PENNSYLVANIA,SCHUYLKILL COUNTY,AUBURN
US,UNITED STATES OF AMERICA,US-PA,PENNSYLVANIA,SCHUYLKILL COUNTY,MAHANOY CITY
US,UNITED STATES OF AMERICA,US-PA,PENNSYLVANIA,SCHUYLKILL COUNTY,POTTSVILLE
US,UNITED STATES OF AMERICA,US-PA,PENNSYLVANIA,SCHUYLKILL COUNTY,SHENANDOAH
US,UNITED STATES OF AMERICA,US-PA,PENNSYLVANIA,SCHUYLKILL COUNTY,TAMAQUA
US,UNITED STATES OF AMERICA,US-PA,PENNSYLVANIA,TIOGA COUNTY,KNOXVILLE
US,UNITED STATES OF AMERICA,US-PA,PENNSYLVANIA,WARREN COUNTY,PITTSFIELD
US,UNITED STATES OF AMERICA,US-PA,PENNSYLVANIA,WARREN COUNTY,WARREN
US,UNITED STATES OF AMERICA,US-PA,PENNSYLVANIA,WASHINGTON COUNTY,CANONSBURG
US,UNITED STATES OF AMERICA,US-PA,PENNSYLVANIA,WASHINGTON COUNTY,CHARLEROI
US,UNITED STATES OF AMERICA,US-PA,PENNSYLVANIA,WASHINGTON COUNTY,DONORA
US,UNITED STATES OF AMERICA,US-PA,PENNSYLVANIA,WASHINGTON COUNTY,WASHINGTON
US,UNITED STATES OF AMERICA,US-PA,PENNSYLVANIA,WESTMORELAND COUNTY,GREENSBURG
US,UNITED STATES OF AMERICA,US-PA,PENNSYLVANIA,WESTMORELAND COUNTY,JEANNETTE
US,UNITED STATES OF AMERICA,US-PA,PENNSYLVANIA,WESTMORELAND COUNTY,MONESSEN
US,UNITED STATES OF AMERICA,US-PA,PENNSYLVANIA,WESTMORELAND COUNTY,NEW KENSINGTON
US,UNITED STATES OF AMERICA,US-PA,PENNSYLVANIA,WYOMING COUNTY,DIXON
US,UNITED STATES OF AMERICA,US-PA,PENNSYLVANIA,YORK COUNTY,YORK
US,UNITED STATES OF AMERICA,US-RI,RHODE ISLAND,BRISTOL COUNTY,BRISTOL
US,UNITED STATES OF AMERICA,US-RI,RHODE ISLAND,BRISTOL COUNTY,WARREN
US,UNITED STATES OF AMERICA,US-RI,RHODE ISLAND,KENT COUNTY,CROMPTON
US,UNITED STATES OF AMERICA,US-RI,RHODE ISLAND,KENT COUNTY,NATICK
US,UNITED STATES OF AMERICA,US-RI,RHODE ISLAND,KENT COUNTY,WARWICK
US,UNITED STATES OF AMERICA,US-RI,RHODE ISLAND,KENT COUNTY,WEST WARWICK
US,UNITED STATES OF AMERICA,US-RI,RHODE ISLAND,NEWPORT COUNTY,NEWPORT
US,UNITED STATES OF AMERICA,US-SC,SOUTH CAROLINA,CHARLESTON COUNTY,CHARLESTON
US,UNITED STATES OF AMERICA,US-SC,SOUTH CAROLINA,FLORENCE COUNTY,FLORENCE
US,UNITED STATES OF AMERICA,US-SC,SOUTH CAROLINA,GEORGETOWN COUNTY,GEORGETOWN
US,UNITED STATES OF AMERICA,US-SC,SOUTH CAROLINA,GREENVILLE COUNTY,GREENVILLE
US,UNITED STATES OF AMERICA,US-SC,SOUTH CAROLINA,KERSHAW COUNTY,CAMDEN
US,UNITED STATES OF AMERICA,US-SC,SOUTH CAROLINA,RICHLAND COUNTY,COLUMBIA
US,UNITED STATES OF AMERICA,US-SC,SOUTH CAROLINA,SPARTANBURG COUNTY,SPARTANBURG
US,UNITED STATES OF AMERICA,US-SC,SOUTH CAROLINA,YORK COUNTY,CLOVER
US,UNITED STATES OF AMERICA,US-SD,SOUTH DAKOTA,BROWN COUNTY,ABERDEEN
US,UNITED STATES OF AMERICA,US-SD,SOUTH DAKOTA,MINNEHAHA COUNTY,SIOUX FALLS
US,UNITED STATES OF AMERICA,US-TN,TENNESSEE,BENTON COUNTY,CAMDEN
US,UNITED STATES OF AMERICA,US-TN,TENNESSEE,DAVIDSON COUNTY,GREENVILLE
US,UNITED STATES OF AMERICA,US-TN,TENNESSEE,DAVIDSON COUNTY,NASHVILLE
US,UNITED STATES OF AMERICA,US-TN,TENNESSEE,DEKALB COUNTY,DOWELLTOWN
US,UNITED STATES OF AMERICA,US-TN,TENNESSEE,HAMILTON COUNTY,CHATTANOOGA
US,UNITED STATES OF AMERICA,US-TN,TENNESSEE,KNOX COUNTY,KNOXVILLE
US,UNITED STATES OF AMERICA,US-TN,TENNESSEE,SHELBY COUNTY,MEMPHIS
US,UNITED STATES OF AMERICA,US-TN,TENNESSEE,WASHINGTON COUNTY,JOHNSON CITY
US,UNITED STATES OF AMERICA,US-TN,TENNESSEE,WAYNE COUNTY,HOUSTON
US,UNITED STATES OF AMERICA,US-TX,TEXAS,ANDERSON COUNTY,PALESTINE
US,UNITED STATES OF AMERICA,US-TX,TEXAS,BELL COUNTY,PRAIRIE DELL
US,UNITED STATES OF AMERICA,US-TX,TEXAS,BELL COUNTY,TEMPLE
US,UNITED STATES OF AMERICA,US-TX,TEXAS,BEXAR COUNTY,SAN ANTONIO
US,UNITED STATES OF AMERICA,US-TX,TEXAS,BOSQUE COUNTY,MERIDIAN
US,UNITED STATES OF AMERICA,US-TX,TEXAS,BOWIE COUNTY,TEXARKANA
US,UNITED STATES OF AMERICA,US-TX,TEXAS,BURLESON COUNTY,CALDWELL
US,UNITED STATES OF AMERICA,US-TX,TEXAS,CAMERON COUNTY,BROWNSVILLE
US,UNITED STATES OF AMERICA,US-TX,TEXAS,CAMP COUNTY,LEESBURG
US,UNITED STATES OF AMERICA,US-TX,TEXAS,COLLIN COUNTY,FARMERSVILLE
US,UNITED STATES OF AMERICA,US-TX,TEXAS,COOKE COUNTY,GAINESVILLE
US,UNITED STATES OF AMERICA,US-TX,TEXAS,DALLAS COUNTY,DALLAS
US,UNITED STATES OF AMERICA,US-TX,TEXAS,DEWITT COUNTY,YOAKUM
US,UNITED STATES OF AMERICA,US-TX,TEXAS,ELLIS COUNTY,GARRETT
US,UNITED STATES OF AMERICA,US-TX,TEXAS,FANNIN COUNTY,BONHAM
US,UNITED STATES OF AMERICA,US-TX,TEXAS,FAYETTE COUNTY,CARMINE
US,UNITED STATES OF AMERICA,US-TX,TEXAS,GALVESTON COUNTY,GALVESTON
US,UNITED STATES OF AMERICA,US-TX,TEXAS,GONZALES COUNTY,GONZALES
US,UNITED STATES OF AMERICA,US-TX,TEXAS,GRAYSON COUNTY,DENISON
US,UNITED STATES OF AMERICA,US-TX,TEXAS,HARDIN COUNTY,VILLAGE MILLS
US,UNITED STATES OF AMERICA,US-TX,TEXAS,HARRIS COUNTY,HOUSTON
US,UNITED STATES OF AMERICA,US-TX,TEXAS,HARRISON COUNTY,MARSHALL
US,UNITED STATES OF AMERICA,US-TX,TEXAS,HENDERSON COUNTY,MALAKOFF
US,UNITED STATES OF AMERICA,US-TX,TEXAS,HIDALGO COUNTY,HIDALGO
US,UNITED STATES OF AMERICA,US-TX,TEXAS,HILL COUNTY,HILLSBORO
US,UNITED STATES OF AMERICA,US-TX,TEXAS,HUNT COUNTY,CADDO MILLS
US,UNITED STATES OF AMERICA,US-TX,TEXAS,HUNT COUNTY,GREENVILLE
US,UNITED STATES OF AMERICA,US-TX,TEXAS,HUNT COUNTY,WOLFE CITY
US,UNITED STATES OF AMERICA,US-TX,TEXAS,JEFFERSON COUNTY,BEAUMONT
US,UNITED STATES OF AMERICA,US-TX,TEXAS,JEFFERSON COUNTY,PORT ARTHUR
US,UNITED STATES OF AMERICA,US-TX,TEXAS,JEFFERSON COUNTY,SABINE PASS
US,UNITED STATES OF AMERICA,US-TX,TEXAS,LAMAR COUNTY,DIRECT
US,UNITED STATES OF AMERICA,US-TX,TEXAS,LAMAR COUNTY,PARIS
US,UNITED STATES OF AMERICA,US-TX,TEXAS,LAVACA COUNTY,SUBLIME
US,UNITED STATES OF AMERICA,US-TX,TEXAS,MCLENNAN COUNTY,WACO
US,UNITED STATES OF AMERICA,US-TX,TEXAS,MILAM COUNTY,MILANO
US,UNITED STATES OF AMERICA,US-TX,TEXAS,NAVARRO COUNTY,CORSICANA
US,UNITED STATES OF AMERICA,US-TX,TEXAS,NUECES COUNTY,CORPUS CHRISTI
US,UNITED STATES OF AMERICA,US-TX,TEXAS,POTTER COUNTY,AMARILLO
US,UNITED STATES OF AMERICA,US-TX,TEXAS,ROBERTSON COUNTY,PORT SULLIVAN
US,UNITED STATES OF AMERICA,US-TX,TEXAS,SHELBY COUNTY,JOAQUIN
US,UNITED STATES OF AMERICA,US-TX,TEXAS,SMITH COUNTY,TYLER
US,UNITED STATES OF AMERICA,US-TX,TEXAS,TARRANT COUNTY,FORT WORTH
US,UNITED STATES OF AMERICA,US-TX,TEXAS,TAYLOR COUNTY,ABILENE
US,UNITED STATES OF AMERICA,US-TX,TEXAS,TERRY COUNTY,MEADOW
US,UNITED STATES OF AMERICA,US-TX,TEXAS,TITUS COUNTY,MOUNT PLEASANT
US,UNITED STATES OF AMERICA,US-TX,TEXAS,TOM GREEN COUNTY,SAN ANGELO
US,UNITED STATES OF AMERICA,US-TX,TEXAS,TRAVIS COUNTY,AUSTIN
US,UNITED STATES OF AMERICA,US-TX,TEXAS,TYLER COUNTY,COLMESNEIL
US,UNITED STATES OF AMERICA,US-TX,TEXAS,VAN ZANDT COUNTY,GRAND SALINE
US,UNITED STATES OF AMERICA,US-TX,TEXAS,VAN ZANDT COUNTY,SILVER LAKE
US,UNITED STATES OF AMERICA,US-TX,TEXAS,WALLER COUNTY,BROOKSHIRE
US,UNITED STATES OF AMERICA,US-TX,TEXAS,WASHINGTON COUNTY,BRENHAM
US,UNITED STATES OF AMERICA,US-TX,TEXAS,WEBB COUNTY,LAREDO
US,UNITED STATES OF AMERICA,US-TX,TEXAS,WICHITA COUNTY,WICHITA FALLS
US,UNITED STATES OF AMERICA,US-TX,TEXAS,WILLIAMSON COUNTY,TAYLOR
US,UNITED STATES OF AMERICA,US-UT,UTAH,CACHE COUNTY,RICHMOND
US,UNITED STATES OF AMERICA,US-UT,UTAH,CACHE COUNTY,SMITHFIELD
US,UNITED STATES OF AMERICA,US-UT,UTAH,SALT LAKE COUNTY,SALT LAKE CITY
US,UNITED STATES OF AMERICA,US-UT,UTAH,UTAH COUNTY,PROVO
US,UNITED STATES OF AMERICA,US-UT,UTAH,WEBER COUNTY,OGDEN
US,UNITED STATES OF AMERICA,US-VA,VIRGINIA,CAMPBELL COUNTY,BROOKNEAL
US,UNITED STATES OF AMERICA,US-VA,VIRGINIA,CITY OF ALEXANDRIA,ALEXANDRIA
US,UNITED STATES OF AMERICA,US-VA,VIRGINIA,CITY OF CHARLOTTESVILLE,CHARLOTTESVILLE
US,UNITED STATES OF AMERICA,US-VA,VIRGINIA,CITY OF DANVILLE,DANVILLE
US,UNITED STATES OF AMERICA,US-VA,VIRGINIA,CITY OF LYNCHBURG,LYNCHBURG
US,UNITED STATES OF AMERICA,US-VA,VIRGINIA,CITY OF NEWPORT NEWS,NEWPORT NEWS
US,UNITED STATES OF AMERICA,US-VA,VIRGINIA,CITY OF NORFOLK,NORFOLK
US,UNITED STATES OF AMERICA,US-VA,VIRGINIA,CITY OF PETERSBURG,PETERSBURG
US,UNITED STATES OF AMERICA,US-VA,VIRGINIA,CITY OF PORTSMOUTH,PORTSMOUTH
US,UNITED STATES OF AMERICA,US-VA,VIRGINIA,CITY OF RICHMOND,RICHMOND
US,UNITED STATES OF AMERICA,US-VA,VIRGINIA,CITY OF ROANOKE,ROANOKE
US,UNITED STATES OF AMERICA,US-VA,VIRGINIA,CITY OF STAUNTON,STAUNTON
US,UNITED STATES OF AMERICA,US-VA,VIRGINIA,CITY OF SUFFOLK,PHILADELPHIA
US,UNITED STATES OF AMERICA,US-VA,VIRGINIA,LUNENBURG COUNTY,VICTORIA
US,UNITED STATES OF AMERICA,US-VA,VIRGINIA,RICHMOND COUNTY,MANCHESTER
US,UNITED STATES OF AMERICA,US-VA,VIRGINIA,WISE COUNTY,TACOMA
US,UNITED STATES OF AMERICA,US-VT,VERMONT,BENNINGTON COUNTY,BENNINGTON
US,UNITED STATES OF AMERICA,US-VT,VERMONT,CALEDONIA COUNTY,DANVILLE
US,UNITED STATES OF AMERICA,US-VT,VERMONT,CALEDONIA COUNTY,ST JOHNSBURY
US,UNITED STATES OF AMERICA,US-VT,VERMONT,CHITTENDEN COUNTY,BURLINGTON
US,UNITED STATES OF AMERICA,US-VT,VERMONT,RUTLAND COUNTY,MOUNT HOLLY
US,UNITED STATES OF AMERICA,US-VT,VERMONT,RUTLAND COUNTY,RUTLAND
US,UNITED STATES OF AMERICA,US-VT,VERMONT,WASHINGTON COUNTY,BARRE
US,UNITED STATES OF AMERICA,US-VT,VERMONT,WASHINGTON COUNTY,MONTPELIER
US,UNITED STATES OF AMERICA,US-WA,WASHINGTON,CLARK COUNTY,VANCOUVER
US,UNITED STATES OF AMERICA,US-WA,WASHINGTON,COLUMBIA COUNTY,DAYTON
US,UNITED STATES OF AMERICA,US-WA,WASHINGTON,GRAYS HARBOR COUNTY,ABERDEEN
US,UNITED STATES OF AMERICA,US-WA,WASHINGTON,GRAYS HARBOR COUNTY,HOQUIAM
US,UNITED STATES OF AMERICA,US-WA,WASHINGTON,GRAYS HARBOR COUNTY,WOODLAWN
US,UNITED STATES OF AMERICA,US-WA,WASHINGTON,JEFFERSON COUNTY,PORT TOWNSEND
US,UNITED STATES OF AMERICA,US-WA,WASHINGTON,KING COUNTY,SEATTLE
US,UNITED STATES OF AMERICA,US-WA,WASHINGTON,PIERCE COUNTY,TACOMA
US,UNITED STATES OF AMERICA,US-WA,WASHINGTON,SNOHOMISH COUNTY,EVERETT
US,UNITED STATES OF AMERICA,US-WA,WASHINGTON,SPOKANE COUNTY,SPOKANE
US,UNITED STATES OF AMERICA,US-WA,WASHINGTON,WALLA WALLA COUNTY,WALLA WALLA
US,UNITED STATES OF AMERICA,US-WA,WASHINGTON,WHATCOM COUNTY,BELLINGHAM
US,UNITED STATES OF AMERICA,US-WA,WASHINGTON,WHATCOM COUNTY,SUMAS
US,UNITED STATES OF AMERICA,US-WA,WASHINGTON,YAKIMA COUNTY,YAKIMA
US,UNITED STATES OF AMERICA,US-WI,WISCONSIN,ASHLAND COUNTY,ASHLAND
US,UNITED STATES OF AMERICA,US-WI,WISCONSIN,BROWN COUNTY,GREEN BAY
US,UNITED STATES OF AMERICA,US-WI,WISCONSIN,CHIPPEWA COUNTY,CHIPPEWA FALLS
US,UNITED STATES OF AMERICA,US-WI,WISCONSIN,COLUMBIA COUNTY,PORTAGE
US,UNITED STATES OF AMERICA,US-WI,WISCONSIN,DANE COUNTY,MADISON
US,UNITED STATES OF AMERICA,US-WI,WISCONSIN,DOUGLAS COUNTY,SUPERIOR
US,UNITED STATES OF AMERICA,US-WI,WISCONSIN,EAU CLAIRE COUNTY,EAU CLAIRE
US,UNITED STATES OF AMERICA,US-WI,WISCONSIN,FOND DU LAC COUNTY,FOND DU LAC
US,UNITED STATES OF AMERICA,US-WI,WISCONSIN,KENOSHA COUNTY,KENOSHA
US,UNITED STATES OF AMERICA,US-WI,WISCONSIN,LA CROSSE COUNTY,LA CROSSE
US,UNITED STATES OF AMERICA,US-WI,WISCONSIN,MANITOWOC COUNTY,MANITOWOC
US,UNITED STATES OF AMERICA,US-WI,WISCONSIN,MARATHON COUNTY,WAUSAU
US,UNITED STATES OF AMERICA,US-WI,WISCONSIN,MARINETTE COUNTY,MARINETTE
US,UNITED STATES OF AMERICA,US-WI,WISCONSIN,MILWAUKEE COUNTY,MILWAUKEE
US,UNITED STATES OF AMERICA,US-WI,WISCONSIN,MILWAUKEE COUNTY,WEST ALLIS
US,UNITED STATES OF AMERICA,US-WI,WISCONSIN,OUTAGAMIE COUNTY,APPLETON
US,UNITED STATES OF AMERICA,US-WI,WISCONSIN,PORTAGE COUNTY,STEVENS POINT
US,UNITED STATES OF AMERICA,US-WI,WISCONSIN,RACINE COUNTY,RACINE
US,UNITED STATES OF AMERICA,US-WI,WISCONSIN,ROCK COUNTY,BELOIT
US,UNITED STATES OF AMERICA,US-WI,WISCONSIN,ROCK COUNTY,JANESVILLE
US,UNITED STATES OF AMERICA,US-WI,WISCONSIN,SHEBOYGAN COUNTY,SHEBOYGAN
US,UNITED STATES OF AMERICA,US-WI,WISCONSIN,WAUKESHA COUNTY,WAUKESHA
US,UNITED STATES OF AMERICA,US-WI,WISCONSIN,WINNEBAGO COUNTY,OSHKOSH
US,UNITED STATES OF AMERICA,US-WV,WEST VIRGINIA,BERKELEY COUNTY,MARTINSBURG
US,UNITED STATES OF AMERICA,US-WV,WEST VIRGINIA,CABELL COUNTY,HUNTINGTON
US,UNITED STATES OF AMERICA,US-WV,WEST VIRGINIA,GRANT COUNTY,PETERSBURG
US,UNITED STATES OF AMERICA,US-WV,WEST VIRGINIA,HARRISON COUNTY,CLARKSBURG
US,UNITED STATES OF AMERICA,US-WV,WEST VIRGINIA,KANAWHA COUNTY,CHARLESTON
US,UNITED STATES OF AMERICA,US-WV,WEST VIRGINIA,MARION COUNTY,FAIRMONT
US,UNITED STATES OF AMERICA,US-WV,WEST VIRGINIA,MARSHALL COUNTY,MOUNDSVILLE
US,UNITED STATES OF AMERICA,US-WV,WEST VIRGINIA,MERCER COUNTY,BLUEFIELD
US,UNITED STATES OF AMERICA,US-WV,WEST VIRGINIA,MONONGALIA COUNTY,MORGANTOWN
US,UNITED STATES OF AMERICA,US-WV,WEST VIRGINIA,OHIO COUNTY,WHEELING
US,UNITED STATES OF AMERICA,US-WV,WEST VIRGINIA,WOOD COUNTY,PARKERSBURG
US,UNITED STATES OF AMERICA,US-WY,WYOMING,LARAMIE COUNTY,CHEYENNE
US,UNITED STATES OF AMERICA,US-WY,WYOMING,NATRONA COUNTY,CASPER
US,UNITED STATES OF AMERICA,US-WY,WYOMING,SWEETWATER COUNTY,ROCK SPRINGS
